2025-09-01 16:32:32 | ERROR | hh_api.client:_make_authenticated_request:199 | Ошибка API запроса: 400 - {"description":"Bad User-Agent header","errors":[{"value":"blacklisted","type":"bad_user_agent"}],"request_id":"1756733552505701440779f1b2b34003"}
2025-09-01 16:32:32 | ERROR | bot.handlers.main:auth_callback_handler:135 | Ошибка авторизации: Ошибка API: 400
2025-09-01 16:54:39 | ERROR | bot.handlers.main:process_resume_selection:89 | set_active_resume вернул False для user_id=8391275806, resume_id=93ff453aff0df1a07c0039ed1f544c30394b49
2025-09-01 16:57:34 | ERROR | database.models:set_active_resume:301 | Резюме с hh_resume_id=93ff453aff0df1a07c0039ed1f544c30394b49 не найдено для telegram_id=8391275806
2025-09-01 16:57:34 | ERROR | bot.handlers.main:process_resume_selection:89 | set_active_resume вернул False для user_id=8391275806, resume_id=93ff453aff0df1a07c0039ed1f544c30394b49
2025-09-01 17:01:48 | ERROR | bot.handlers.main:process_resume_selection:92 | Ошибка установки активного резюме: ambiguous column name: id
2025-09-01 17:05:30 | ERROR | database.models:set_active_resume:268 | Резюме 93ff453aff0df1a07c0039ed1f544c30394b49 не найдено для telegram_id=8391275806
2025-09-01 17:05:30 | ERROR | bot.handlers.main:process_resume_selection:89 | set_active_resume вернул False для user_id=8391275806, resume_id=93ff453aff0df1a07c0039ed1f544c30394b49
2025-09-01 17:11:18 | ERROR | database.models:set_active_resume:268 | Резюме 93ff453aff0df1a07c0039ed1f544c30394b49 не найдено для telegram_id=8391275806
2025-09-01 17:11:18 | ERROR | bot.handlers.main:process_resume_selection:89 | set_active_resume вернул False для user_id=8391275806, resume_id=93ff453aff0df1a07c0039ed1f544c30394b49
2025-09-01 17:21:45 | ERROR | database.models:set_active_resume:268 | Резюме 93ff453aff0df1a07c0039ed1f544c30394b49 не найдено для telegram_id=8391275806
2025-09-01 17:21:45 | ERROR | bot.handlers.main:process_resume_selection:70 | set_active_resume=False for user=8391275806 id=93ff453aff0df1a07c0039ed1f544c30394b49
2025-09-01 17:32:42 | ERROR | database.models:set_active_resume:268 | Резюме 93ff453aff0df1a07c0039ed1f544c30394b49 не найдено для telegram_id=8391275806
2025-09-01 17:32:42 | ERROR | bot.handlers.main:process_resume_selection:70 | set_active_resume=False for user=8391275806 id=93ff453aff0df1a07c0039ed1f544c30394b49
2025-09-01 17:50:05 | ERROR | bot.handlers.main:process_resume_selection:70 | set_active_resume=False for user=8391275806 id=93ff453aff0df1a07c0039ed1f544c30394b49
2025-09-01 18:36:37 | ERROR | bot.handlers.settings:save_settings_callback:439 | Ошибка сохранения настроек: Telegram server says - Bad Request: can't parse entities: Can't find end of the entity starting at byte offset 229
2025-09-01 18:42:55 | ERROR | hh_api.client:_make_authenticated_request:204 | Ошибка API запроса: 400 - {"description":"bad argument","bad_argument":"area","bad_arguments":[{"name":"area","description":"bad argument"}],"errors":[{"value":"area","type":"bad_argument"}],"request_id":"1756741376307d6d5f17467483d9e003"}
2025-09-02 12:32:15 | ERROR | __main__:initialize_database:73 | ❌ Ошибка инициализации БД: 'DatabaseRepository' object has no attribute 'get_tables_info'
2025-09-02 12:32:15 | ERROR | __main__:on_startup:166 | 💥 Критическая ошибка при запуске: 'DatabaseRepository' object has no attribute 'get_tables_info'
2025-09-02 12:32:15 | ERROR | __main__:main:282 | 💥 Критическая ошибка в main(): 'DatabaseRepository' object has no attribute 'get_tables_info'
2025-09-02 12:32:15 | ERROR | __main__:run_bot:312 | 💥 Критическая ошибка выполнения: 'DatabaseRepository' object has no attribute 'get_tables_info'
2025-09-02 12:32:15 | CRITICAL | __main__:<module>:400 | 💀 Фатальная ошибка: 'DatabaseRepository' object has no attribute 'get_tables_info'
2025-09-02 12:34:04 | ERROR | utils.scheduler:stop_auto_responses:80 | Ошибка остановки задачи auto_response_8391275806: 'No job by the id of auto_response_8391275806 was found'
2025-09-02 12:46:15 | ERROR | utils.scheduler:stop_auto_responses:88 | Ошибка остановки задачи auto_response_8391275806: 'No job by the id of auto_response_8391275806 was found'
2025-09-02 12:46:37 | ERROR | hh_api.client:send_response_to_vacancy:301 | Ошибка отправки отклика на вакансию 124765332: Ошибка API: 403 - {"description":"Must process test first","errors":[{"value":"test_required","type":"negotiations"}],"request_id":"1756806401447413746f4b6690bbe009"}
2025-09-02 12:46:37 | ERROR | utils.scheduler:_send_single_response:379 | ❌ Ошибка отправки отклика: Ошибка API: 403 - {"description":"Must process test first","errors":[{"value":"test_required","type":"negotiations"}],"request_id":"1756806401447413746f4b6690bbe009"}
2025-09-02 12:46:37 | ERROR | utils.scheduler:_send_responses:271 | Не удалось отправить отклик на вакансию 124765332
2025-09-02 12:46:37 | ERROR | hh_api.client:send_response_to_vacancy:301 | Ошибка отправки отклика на вакансию 123440677: Ошибка API: 403 - {"description":"Must process test first","errors":[{"value":"test_required","type":"negotiations"}],"request_id":"1756806401712415f61a8911158cf010"}
2025-09-02 12:46:37 | ERROR | utils.scheduler:_send_single_response:379 | ❌ Ошибка отправки отклика: Ошибка API: 403 - {"description":"Must process test first","errors":[{"value":"test_required","type":"negotiations"}],"request_id":"1756806401712415f61a8911158cf010"}
2025-09-02 12:46:37 | ERROR | utils.scheduler:_send_responses:271 | Не удалось отправить отклик на вакансию 123440677
2025-09-02 12:51:33 | ERROR | hh_api.client:send_response_to_vacancy:301 | Ошибка отправки отклика на вакансию 124426136: Ошибка API: 403 - {"description":"Already applied","bad_argument":"vacancy_id","bad_arguments":[{"name":"vacancy_id","description":"Already applied"}],"errors":[{"value":"already_applied","type":"negotiations"}],"request_id":"1756806697774c24de03931dd7cf0006"}
2025-09-02 12:51:33 | ERROR | utils.scheduler:_send_single_response:379 | ❌ Ошибка отправки отклика: Ошибка API: 403 - {"description":"Already applied","bad_argument":"vacancy_id","bad_arguments":[{"name":"vacancy_id","description":"Already applied"}],"errors":[{"value":"already_applied","type":"negotiations"}],"request_id":"1756806697774c24de03931dd7cf0006"}
2025-09-02 12:51:33 | ERROR | utils.scheduler:_send_responses:271 | Не удалось отправить отклик на вакансию 124426136
2025-09-02 12:51:34 | ERROR | hh_api.client:send_response_to_vacancy:301 | Ошибка отправки отклика на вакансию 122459875: Ошибка API: 403 - {"description":"Must process test first","errors":[{"value":"test_required","type":"negotiations"}],"request_id":"175680669790753e3278b59f781a0008"}
2025-09-02 12:51:34 | ERROR | utils.scheduler:_send_single_response:379 | ❌ Ошибка отправки отклика: Ошибка API: 403 - {"description":"Must process test first","errors":[{"value":"test_required","type":"negotiations"}],"request_id":"175680669790753e3278b59f781a0008"}
2025-09-02 12:51:34 | ERROR | utils.scheduler:_send_responses:271 | Не удалось отправить отклик на вакансию 122459875
2025-09-02 12:51:50 | ERROR | hh_api.client:send_response_to_vacancy:301 | Ошибка отправки отклика на вакансию 122459875: Ошибка API: 403 - {"description":"Must process test first","errors":[{"value":"test_required","type":"negotiations"}],"request_id":"17568067146094edf3be98486d5ba002"}
2025-09-02 12:51:50 | ERROR | utils.scheduler:_send_single_response:379 | ❌ Ошибка отправки отклика: Ошибка API: 403 - {"description":"Must process test first","errors":[{"value":"test_required","type":"negotiations"}],"request_id":"17568067146094edf3be98486d5ba002"}
2025-09-02 12:51:50 | ERROR | utils.scheduler:_send_responses:271 | Не удалось отправить отклик на вакансию 122459875
2025-09-02 12:51:50 | ERROR | hh_api.client:send_response_to_vacancy:301 | Ошибка отправки отклика на вакансию 124690313: Ошибка API: 403 - {"description":"Already applied","bad_argument":"vacancy_id","bad_arguments":[{"name":"vacancy_id","description":"Already applied"}],"errors":[{"value":"already_applied","type":"negotiations"}],"request_id":"175680671476226e8192e27fa7654012"}
2025-09-02 12:51:50 | ERROR | utils.scheduler:_send_single_response:379 | ❌ Ошибка отправки отклика: Ошибка API: 403 - {"description":"Already applied","bad_argument":"vacancy_id","bad_arguments":[{"name":"vacancy_id","description":"Already applied"}],"errors":[{"value":"already_applied","type":"negotiations"}],"request_id":"175680671476226e8192e27fa7654012"}
2025-09-02 12:51:50 | ERROR | utils.scheduler:_send_responses:271 | Не удалось отправить отклик на вакансию 124690313
2025-09-02 12:53:05 | ERROR | hh_api.client:send_response_to_vacancy:301 | Ошибка отправки отклика на вакансию 122459875: Ошибка API: 403 - {"description":"Must process test first","errors":[{"value":"test_required","type":"negotiations"}],"request_id":"175680678967934f7e6389f0ce600004"}
2025-09-02 12:53:05 | ERROR | utils.scheduler:_send_single_response:379 | ❌ Ошибка отправки отклика: Ошибка API: 403 - {"description":"Must process test first","errors":[{"value":"test_required","type":"negotiations"}],"request_id":"175680678967934f7e6389f0ce600004"}
2025-09-02 12:53:05 | ERROR | utils.scheduler:_send_responses:271 | Не удалось отправить отклик на вакансию 122459875
2025-09-02 12:56:41 | ERROR | hh_api.client:send_response_to_vacancy:301 | Ошибка отправки отклика на вакансию 122459875: Ошибка API: 403 - {"description":"Must process test first","errors":[{"value":"test_required","type":"negotiations"}],"request_id":"175680700575754e6b1f3395d841f002"}
2025-09-02 12:56:41 | ERROR | utils.scheduler:_send_single_response:379 | ❌ Ошибка отправки отклика: Ошибка API: 403 - {"description":"Must process test first","errors":[{"value":"test_required","type":"negotiations"}],"request_id":"175680700575754e6b1f3395d841f002"}
2025-09-02 12:56:41 | ERROR | utils.scheduler:_send_responses:271 | Не удалось отправить отклик на вакансию 122459875
2025-09-02 12:56:42 | ERROR | hh_api.client:send_response_to_vacancy:301 | Ошибка отправки отклика на вакансию 120403853: Ошибка API: 403 - {"description":"Must process test first","errors":[{"value":"test_required","type":"negotiations"}],"request_id":"1756807005898130a3f9201f3eefa011"}
2025-09-02 12:56:42 | ERROR | utils.scheduler:_send_single_response:379 | ❌ Ошибка отправки отклика: Ошибка API: 403 - {"description":"Must process test first","errors":[{"value":"test_required","type":"negotiations"}],"request_id":"1756807005898130a3f9201f3eefa011"}
2025-09-02 12:56:42 | ERROR | utils.scheduler:_send_responses:271 | Не удалось отправить отклик на вакансию 120403853
2025-09-02 12:56:50 | ERROR | hh_api.client:send_response_to_vacancy:301 | Ошибка отправки отклика на вакансию 122459875: Ошибка API: 403 - {"description":"Must process test first","errors":[{"value":"test_required","type":"negotiations"}],"request_id":"175680701459953f43879c91eb215009"}
2025-09-02 12:56:50 | ERROR | utils.scheduler:_send_single_response:379 | ❌ Ошибка отправки отклика: Ошибка API: 403 - {"description":"Must process test first","errors":[{"value":"test_required","type":"negotiations"}],"request_id":"175680701459953f43879c91eb215009"}
2025-09-02 12:56:50 | ERROR | utils.scheduler:_send_responses:271 | Не удалось отправить отклик на вакансию 122459875
2025-09-02 12:56:51 | ERROR | hh_api.client:send_response_to_vacancy:301 | Ошибка отправки отклика на вакансию 120403853: Ошибка API: 403 - {"description":"Must process test first","errors":[{"value":"test_required","type":"negotiations"}],"request_id":"175680701485811cb6c3aa8799b6a009"}
2025-09-02 12:56:51 | ERROR | utils.scheduler:_send_single_response:379 | ❌ Ошибка отправки отклика: Ошибка API: 403 - {"description":"Must process test first","errors":[{"value":"test_required","type":"negotiations"}],"request_id":"175680701485811cb6c3aa8799b6a009"}
2025-09-02 12:56:51 | ERROR | utils.scheduler:_send_responses:271 | Не удалось отправить отклик на вакансию 120403853
2025-09-02 12:56:51 | ERROR | hh_api.client:send_response_to_vacancy:301 | Ошибка отправки отклика на вакансию 123580716: Ошибка API: 403 - {"description":"Already applied","bad_argument":"vacancy_id","bad_arguments":[{"name":"vacancy_id","description":"Already applied"}],"errors":[{"value":"already_applied","type":"negotiations"}],"request_id":"1756807014981e4803e7dcaa1e3e8009"}
2025-09-02 12:56:51 | ERROR | utils.scheduler:_send_single_response:379 | ❌ Ошибка отправки отклика: Ошибка API: 403 - {"description":"Already applied","bad_argument":"vacancy_id","bad_arguments":[{"name":"vacancy_id","description":"Already applied"}],"errors":[{"value":"already_applied","type":"negotiations"}],"request_id":"1756807014981e4803e7dcaa1e3e8009"}
2025-09-02 12:56:51 | ERROR | utils.scheduler:_send_responses:271 | Не удалось отправить отклик на вакансию 123580716
2025-09-02 12:57:13 | ERROR | hh_api.client:send_response_to_vacancy:301 | Ошибка отправки отклика на вакансию 124719499: Ошибка API: 403 - {"description":"Already applied","bad_argument":"vacancy_id","bad_arguments":[{"name":"vacancy_id","description":"Already applied"}],"errors":[{"value":"already_applied","type":"negotiations"}],"request_id":"175680703707901f020b91c2c6829002"}
2025-09-02 12:57:13 | ERROR | utils.scheduler:_send_single_response:379 | ❌ Ошибка отправки отклика: Ошибка API: 403 - {"description":"Already applied","bad_argument":"vacancy_id","bad_arguments":[{"name":"vacancy_id","description":"Already applied"}],"errors":[{"value":"already_applied","type":"negotiations"}],"request_id":"175680703707901f020b91c2c6829002"}
2025-09-02 12:57:13 | ERROR | utils.scheduler:_send_responses:271 | Не удалось отправить отклик на вакансию 124719499
2025-09-02 12:58:14 | ERROR | hh_api.client:send_response_to_vacancy:301 | Ошибка отправки отклика на вакансию 122459875: Ошибка API: 403 - {"description":"Must process test first","errors":[{"value":"test_required","type":"negotiations"}],"request_id":"1756807098394920d43cbd51ee3c8011"}
2025-09-02 12:58:14 | ERROR | utils.scheduler:_send_single_response:379 | ❌ Ошибка отправки отклика: Ошибка API: 403 - {"description":"Must process test first","errors":[{"value":"test_required","type":"negotiations"}],"request_id":"1756807098394920d43cbd51ee3c8011"}
2025-09-02 12:58:14 | ERROR | utils.scheduler:_send_responses:271 | Не удалось отправить отклик на вакансию 122459875
2025-09-02 12:58:14 | ERROR | hh_api.client:send_response_to_vacancy:301 | Ошибка отправки отклика на вакансию 120403853: Ошибка API: 403 - {"description":"Must process test first","errors":[{"value":"test_required","type":"negotiations"}],"request_id":"17568070985262eb3b872ba5efd5a011"}
2025-09-02 12:58:14 | ERROR | utils.scheduler:_send_single_response:379 | ❌ Ошибка отправки отклика: Ошибка API: 403 - {"description":"Must process test first","errors":[{"value":"test_required","type":"negotiations"}],"request_id":"17568070985262eb3b872ba5efd5a011"}
2025-09-02 12:58:14 | ERROR | utils.scheduler:_send_responses:271 | Не удалось отправить отклик на вакансию 120403853
2025-09-02 12:58:45 | ERROR | hh_api.client:send_response_to_vacancy:301 | Ошибка отправки отклика на вакансию 124118139: Ошибка API: 403 - {"description":"Must process test first","errors":[{"value":"test_required","type":"negotiations"}],"request_id":"1756807129500d548890e8eceefc4011"}
2025-09-02 12:58:45 | ERROR | utils.scheduler:_send_single_response:379 | ❌ Ошибка отправки отклика: Ошибка API: 403 - {"description":"Must process test first","errors":[{"value":"test_required","type":"negotiations"}],"request_id":"1756807129500d548890e8eceefc4011"}
2025-09-02 12:58:45 | ERROR | utils.scheduler:_send_responses:271 | Не удалось отправить отклик на вакансию 124118139
2025-09-02 12:58:45 | ERROR | hh_api.client:send_response_to_vacancy:301 | Ошибка отправки отклика на вакансию 73726156: Ошибка API: 403 - {"description":"Must process test first","errors":[{"value":"test_required","type":"negotiations"}],"request_id":"17568071296657e7bd36eed57c945011"}
2025-09-02 12:58:45 | ERROR | utils.scheduler:_send_single_response:379 | ❌ Ошибка отправки отклика: Ошибка API: 403 - {"description":"Must process test first","errors":[{"value":"test_required","type":"negotiations"}],"request_id":"17568071296657e7bd36eed57c945011"}
2025-09-02 12:58:45 | ERROR | utils.scheduler:_send_responses:271 | Не удалось отправить отклик на вакансию 73726156
2025-09-02 12:59:46 | ERROR | hh_api.client:send_response_to_vacancy:301 | Ошибка отправки отклика на вакансию 122459875: Ошибка API: 403 - {"description":"Must process test first","errors":[{"value":"test_required","type":"negotiations"}],"request_id":"17568071907493797c7ae6ad952b0005"}
2025-09-02 12:59:46 | ERROR | utils.scheduler:_send_single_response:379 | ❌ Ошибка отправки отклика: Ошибка API: 403 - {"description":"Must process test first","errors":[{"value":"test_required","type":"negotiations"}],"request_id":"17568071907493797c7ae6ad952b0005"}
2025-09-02 12:59:46 | ERROR | utils.scheduler:_send_responses:271 | Не удалось отправить отклик на вакансию 122459875
2025-09-02 12:59:47 | ERROR | hh_api.client:send_response_to_vacancy:301 | Ошибка отправки отклика на вакансию 120403853: Ошибка API: 403 - {"description":"Must process test first","errors":[{"value":"test_required","type":"negotiations"}],"request_id":"1756807190893149dbf94a56c3a46012"}
2025-09-02 12:59:47 | ERROR | utils.scheduler:_send_single_response:379 | ❌ Ошибка отправки отклика: Ошибка API: 403 - {"description":"Must process test first","errors":[{"value":"test_required","type":"negotiations"}],"request_id":"1756807190893149dbf94a56c3a46012"}
2025-09-02 12:59:47 | ERROR | utils.scheduler:_send_responses:271 | Не удалось отправить отклик на вакансию 120403853
2025-09-02 12:59:47 | ERROR | hh_api.client:send_response_to_vacancy:301 | Ошибка отправки отклика на вакансию 124118139: Ошибка API: 403 - {"description":"Must process test first","errors":[{"value":"test_required","type":"negotiations"}],"request_id":"1756807190984c01027b6bedc0103011"}
2025-09-02 12:59:47 | ERROR | utils.scheduler:_send_single_response:379 | ❌ Ошибка отправки отклика: Ошибка API: 403 - {"description":"Must process test first","errors":[{"value":"test_required","type":"negotiations"}],"request_id":"1756807190984c01027b6bedc0103011"}
2025-09-02 12:59:47 | ERROR | utils.scheduler:_send_responses:271 | Не удалось отправить отклик на вакансию 124118139
2025-09-02 12:59:47 | ERROR | hh_api.client:send_response_to_vacancy:301 | Ошибка отправки отклика на вакансию 73726156: Ошибка API: 403 - {"description":"Must process test first","errors":[{"value":"test_required","type":"negotiations"}],"request_id":"1756807191092839be09751a4f9c1011"}
2025-09-02 12:59:47 | ERROR | utils.scheduler:_send_single_response:379 | ❌ Ошибка отправки отклика: Ошибка API: 403 - {"description":"Must process test first","errors":[{"value":"test_required","type":"negotiations"}],"request_id":"1756807191092839be09751a4f9c1011"}
2025-09-02 12:59:47 | ERROR | utils.scheduler:_send_responses:271 | Не удалось отправить отклик на вакансию 73726156
2025-09-02 13:01:18 | ERROR | hh_api.client:send_response_to_vacancy:301 | Ошибка отправки отклика на вакансию 122459875: Ошибка API: 403 - {"description":"Must process test first","errors":[{"value":"test_required","type":"negotiations"}],"request_id":"1756807282860a2bb8b9fdfc76644012"}
2025-09-02 13:01:18 | ERROR | utils.scheduler:_send_single_response:379 | ❌ Ошибка отправки отклика: Ошибка API: 403 - {"description":"Must process test first","errors":[{"value":"test_required","type":"negotiations"}],"request_id":"1756807282860a2bb8b9fdfc76644012"}
2025-09-02 13:01:18 | ERROR | utils.scheduler:_send_responses:271 | Не удалось отправить отклик на вакансию 122459875
2025-09-02 13:01:19 | ERROR | hh_api.client:send_response_to_vacancy:301 | Ошибка отправки отклика на вакансию 120403853: Ошибка API: 403 - {"description":"Must process test first","errors":[{"value":"test_required","type":"negotiations"}],"request_id":"1756807282958ddbde5bdb9a3cdbc012"}
2025-09-02 13:01:19 | ERROR | utils.scheduler:_send_single_response:379 | ❌ Ошибка отправки отклика: Ошибка API: 403 - {"description":"Must process test first","errors":[{"value":"test_required","type":"negotiations"}],"request_id":"1756807282958ddbde5bdb9a3cdbc012"}
2025-09-02 13:01:19 | ERROR | utils.scheduler:_send_responses:271 | Не удалось отправить отклик на вакансию 120403853
2025-09-02 13:01:19 | ERROR | hh_api.client:send_response_to_vacancy:301 | Ошибка отправки отклика на вакансию 124118139: Ошибка API: 403 - {"description":"Must process test first","errors":[{"value":"test_required","type":"negotiations"}],"request_id":"1756807283135f1d682d99474944a006"}
2025-09-02 13:01:19 | ERROR | utils.scheduler:_send_single_response:379 | ❌ Ошибка отправки отклика: Ошибка API: 403 - {"description":"Must process test first","errors":[{"value":"test_required","type":"negotiations"}],"request_id":"1756807283135f1d682d99474944a006"}
2025-09-02 13:01:19 | ERROR | utils.scheduler:_send_responses:271 | Не удалось отправить отклик на вакансию 124118139
2025-09-02 13:01:19 | ERROR | hh_api.client:send_response_to_vacancy:301 | Ошибка отправки отклика на вакансию 73726156: Ошибка API: 403 - {"description":"Must process test first","errors":[{"value":"test_required","type":"negotiations"}],"request_id":"17568072832496ab26e00296ea7f7006"}
2025-09-02 13:01:19 | ERROR | utils.scheduler:_send_single_response:379 | ❌ Ошибка отправки отклика: Ошибка API: 403 - {"description":"Must process test first","errors":[{"value":"test_required","type":"negotiations"}],"request_id":"17568072832496ab26e00296ea7f7006"}
2025-09-02 13:01:19 | ERROR | utils.scheduler:_send_responses:271 | Не удалось отправить отклик на вакансию 73726156
2025-09-02 13:01:20 | ERROR | hh_api.client:send_response_to_vacancy:301 | Ошибка отправки отклика на вакансию 122459875: Ошибка API: 403 - {"description":"Must process test first","errors":[{"value":"test_required","type":"negotiations"}],"request_id":"1756807283842baee056bac2e5c26011"}
2025-09-02 13:01:20 | ERROR | utils.scheduler:_send_single_response:379 | ❌ Ошибка отправки отклика: Ошибка API: 403 - {"description":"Must process test first","errors":[{"value":"test_required","type":"negotiations"}],"request_id":"1756807283842baee056bac2e5c26011"}
2025-09-02 13:01:20 | ERROR | utils.scheduler:_send_responses:271 | Не удалось отправить отклик на вакансию 122459875
2025-09-02 13:01:20 | ERROR | hh_api.client:send_response_to_vacancy:301 | Ошибка отправки отклика на вакансию 120403853: Ошибка API: 403 - {"description":"Must process test first","errors":[{"value":"test_required","type":"negotiations"}],"request_id":"17568072840030d1d3c5f2110d041002"}
2025-09-02 13:01:20 | ERROR | utils.scheduler:_send_single_response:379 | ❌ Ошибка отправки отклика: Ошибка API: 403 - {"description":"Must process test first","errors":[{"value":"test_required","type":"negotiations"}],"request_id":"17568072840030d1d3c5f2110d041002"}
2025-09-02 13:01:20 | ERROR | utils.scheduler:_send_responses:271 | Не удалось отправить отклик на вакансию 120403853
2025-09-02 13:01:20 | ERROR | hh_api.client:send_response_to_vacancy:301 | Ошибка отправки отклика на вакансию 124118139: Ошибка API: 403 - {"description":"Must process test first","errors":[{"value":"test_required","type":"negotiations"}],"request_id":"17568072841581ee57ababf3a1a06012"}
2025-09-02 13:01:20 | ERROR | utils.scheduler:_send_single_response:379 | ❌ Ошибка отправки отклика: Ошибка API: 403 - {"description":"Must process test first","errors":[{"value":"test_required","type":"negotiations"}],"request_id":"17568072841581ee57ababf3a1a06012"}
2025-09-02 13:01:20 | ERROR | utils.scheduler:_send_responses:271 | Не удалось отправить отклик на вакансию 124118139
2025-09-02 13:01:20 | ERROR | hh_api.client:send_response_to_vacancy:301 | Ошибка отправки отклика на вакансию 73726156: Ошибка API: 403 - {"description":"Must process test first","errors":[{"value":"test_required","type":"negotiations"}],"request_id":"1756807284319053a702814bcc509012"}
2025-09-02 13:01:20 | ERROR | utils.scheduler:_send_single_response:379 | ❌ Ошибка отправки отклика: Ошибка API: 403 - {"description":"Must process test first","errors":[{"value":"test_required","type":"negotiations"}],"request_id":"1756807284319053a702814bcc509012"}
2025-09-02 13:01:20 | ERROR | utils.scheduler:_send_responses:271 | Не удалось отправить отклик на вакансию 73726156
2025-09-02 13:02:51 | ERROR | hh_api.client:send_response_to_vacancy:301 | Ошибка отправки отклика на вакансию 122459875: Ошибка API: 403 - {"description":"Must process test first","errors":[{"value":"test_required","type":"negotiations"}],"request_id":"1756807375010cd8599f4e8202c93012"}
2025-09-02 13:02:51 | ERROR | utils.scheduler:_send_single_response:379 | ❌ Ошибка отправки отклика: Ошибка API: 403 - {"description":"Must process test first","errors":[{"value":"test_required","type":"negotiations"}],"request_id":"1756807375010cd8599f4e8202c93012"}
2025-09-02 13:02:51 | ERROR | utils.scheduler:_send_responses:271 | Не удалось отправить отклик на вакансию 122459875
2025-09-02 13:02:51 | ERROR | hh_api.client:send_response_to_vacancy:301 | Ошибка отправки отклика на вакансию 120403853: Ошибка API: 403 - {"description":"Must process test first","errors":[{"value":"test_required","type":"negotiations"}],"request_id":"1756807375099d04c368a75becca3012"}
2025-09-02 13:02:51 | ERROR | utils.scheduler:_send_single_response:379 | ❌ Ошибка отправки отклика: Ошибка API: 403 - {"description":"Must process test first","errors":[{"value":"test_required","type":"negotiations"}],"request_id":"1756807375099d04c368a75becca3012"}
2025-09-02 13:02:51 | ERROR | utils.scheduler:_send_responses:271 | Не удалось отправить отклик на вакансию 120403853
2025-09-02 13:02:51 | ERROR | hh_api.client:send_response_to_vacancy:301 | Ошибка отправки отклика на вакансию 124118139: Ошибка API: 403 - {"description":"Must process test first","errors":[{"value":"test_required","type":"negotiations"}],"request_id":"1756807375233b66ffaa2c40983ca012"}
2025-09-02 13:02:51 | ERROR | utils.scheduler:_send_single_response:379 | ❌ Ошибка отправки отклика: Ошибка API: 403 - {"description":"Must process test first","errors":[{"value":"test_required","type":"negotiations"}],"request_id":"1756807375233b66ffaa2c40983ca012"}
2025-09-02 13:02:51 | ERROR | utils.scheduler:_send_responses:271 | Не удалось отправить отклик на вакансию 124118139
2025-09-02 13:02:51 | ERROR | hh_api.client:send_response_to_vacancy:301 | Ошибка отправки отклика на вакансию 73726156: Ошибка API: 403 - {"description":"Must process test first","errors":[{"value":"test_required","type":"negotiations"}],"request_id":"1756807375399f9c2bea1abb88e31003"}
2025-09-02 13:02:51 | ERROR | utils.scheduler:_send_single_response:379 | ❌ Ошибка отправки отклика: Ошибка API: 403 - {"description":"Must process test first","errors":[{"value":"test_required","type":"negotiations"}],"request_id":"1756807375399f9c2bea1abb88e31003"}
2025-09-02 13:02:51 | ERROR | utils.scheduler:_send_responses:271 | Не удалось отправить отклик на вакансию 73726156
2025-09-02 13:04:23 | ERROR | hh_api.client:send_response_to_vacancy:301 | Ошибка отправки отклика на вакансию 122459875: Ошибка API: 403 - {"description":"Must process test first","errors":[{"value":"test_required","type":"negotiations"}],"request_id":"1756807467343f63258a160379f85002"}
2025-09-02 13:04:23 | ERROR | utils.scheduler:_send_single_response:379 | ❌ Ошибка отправки отклика: Ошибка API: 403 - {"description":"Must process test first","errors":[{"value":"test_required","type":"negotiations"}],"request_id":"1756807467343f63258a160379f85002"}
2025-09-02 13:04:23 | ERROR | utils.scheduler:_send_responses:271 | Не удалось отправить отклик на вакансию 122459875
2025-09-02 13:04:23 | ERROR | hh_api.client:send_response_to_vacancy:301 | Ошибка отправки отклика на вакансию 120403853: Ошибка API: 403 - {"description":"Must process test first","errors":[{"value":"test_required","type":"negotiations"}],"request_id":"17568074675388a01e06289e2d352002"}
2025-09-02 13:04:23 | ERROR | utils.scheduler:_send_single_response:379 | ❌ Ошибка отправки отклика: Ошибка API: 403 - {"description":"Must process test first","errors":[{"value":"test_required","type":"negotiations"}],"request_id":"17568074675388a01e06289e2d352002"}
2025-09-02 13:04:23 | ERROR | utils.scheduler:_send_responses:271 | Не удалось отправить отклик на вакансию 120403853
2025-09-02 13:04:23 | ERROR | hh_api.client:send_response_to_vacancy:301 | Ошибка отправки отклика на вакансию 124118139: Ошибка API: 403 - {"description":"Must process test first","errors":[{"value":"test_required","type":"negotiations"}],"request_id":"17568074676916d1158d870284185004"}
2025-09-02 13:04:23 | ERROR | utils.scheduler:_send_single_response:379 | ❌ Ошибка отправки отклика: Ошибка API: 403 - {"description":"Must process test first","errors":[{"value":"test_required","type":"negotiations"}],"request_id":"17568074676916d1158d870284185004"}
2025-09-02 13:04:23 | ERROR | utils.scheduler:_send_responses:271 | Не удалось отправить отклик на вакансию 124118139
2025-09-02 13:04:24 | ERROR | hh_api.client:send_response_to_vacancy:301 | Ошибка отправки отклика на вакансию 73726156: Ошибка API: 403 - {"description":"Must process test first","errors":[{"value":"test_required","type":"negotiations"}],"request_id":"175680746782068824365fc61a30b008"}
2025-09-02 13:04:24 | ERROR | utils.scheduler:_send_single_response:379 | ❌ Ошибка отправки отклика: Ошибка API: 403 - {"description":"Must process test first","errors":[{"value":"test_required","type":"negotiations"}],"request_id":"175680746782068824365fc61a30b008"}
2025-09-02 13:04:24 | ERROR | utils.scheduler:_send_responses:271 | Не удалось отправить отклик на вакансию 73726156
2025-09-02 13:05:55 | ERROR | hh_api.client:send_response_to_vacancy:301 | Ошибка отправки отклика на вакансию 122459875: Ошибка API: 403 - {"description":"Must process test first","errors":[{"value":"test_required","type":"negotiations"}],"request_id":"1756807559765d37e7cfa9af0442f006"}
2025-09-02 13:05:55 | ERROR | utils.scheduler:_send_single_response:379 | ❌ Ошибка отправки отклика: Ошибка API: 403 - {"description":"Must process test first","errors":[{"value":"test_required","type":"negotiations"}],"request_id":"1756807559765d37e7cfa9af0442f006"}
2025-09-02 13:05:55 | ERROR | utils.scheduler:_send_responses:271 | Не удалось отправить отклик на вакансию 122459875
2025-09-02 13:05:56 | ERROR | hh_api.client:send_response_to_vacancy:301 | Ошибка отправки отклика на вакансию 120403853: Ошибка API: 403 - {"description":"Must process test first","errors":[{"value":"test_required","type":"negotiations"}],"request_id":"17568075598866e92956e09f5b9d1003"}
2025-09-02 13:05:56 | ERROR | utils.scheduler:_send_single_response:379 | ❌ Ошибка отправки отклика: Ошибка API: 403 - {"description":"Must process test first","errors":[{"value":"test_required","type":"negotiations"}],"request_id":"17568075598866e92956e09f5b9d1003"}
2025-09-02 13:05:56 | ERROR | utils.scheduler:_send_responses:271 | Не удалось отправить отклик на вакансию 120403853
2025-09-02 13:05:56 | ERROR | hh_api.client:send_response_to_vacancy:301 | Ошибка отправки отклика на вакансию 124118139: Ошибка API: 403 - {"description":"Must process test first","errors":[{"value":"test_required","type":"negotiations"}],"request_id":"1756807560033945bd216c78393f9003"}
2025-09-02 13:05:56 | ERROR | utils.scheduler:_send_single_response:379 | ❌ Ошибка отправки отклика: Ошибка API: 403 - {"description":"Must process test first","errors":[{"value":"test_required","type":"negotiations"}],"request_id":"1756807560033945bd216c78393f9003"}
2025-09-02 13:05:56 | ERROR | utils.scheduler:_send_responses:271 | Не удалось отправить отклик на вакансию 124118139
2025-09-02 13:05:56 | ERROR | hh_api.client:send_response_to_vacancy:301 | Ошибка отправки отклика на вакансию 73726156: Ошибка API: 403 - {"description":"Must process test first","errors":[{"value":"test_required","type":"negotiations"}],"request_id":"1756807560156994f3179a5c2b66e006"}
2025-09-02 13:05:56 | ERROR | utils.scheduler:_send_single_response:379 | ❌ Ошибка отправки отклика: Ошибка API: 403 - {"description":"Must process test first","errors":[{"value":"test_required","type":"negotiations"}],"request_id":"1756807560156994f3179a5c2b66e006"}
2025-09-02 13:05:56 | ERROR | utils.scheduler:_send_responses:271 | Не удалось отправить отклик на вакансию 73726156
2025-09-02 13:06:19 | ERROR | hh_api.client:send_response_to_vacancy:301 | Ошибка отправки отклика на вакансию 122459875: Ошибка API: 403 - {"description":"Must process test first","errors":[{"value":"test_required","type":"negotiations"}],"request_id":"17568075837337446dafbd9090380003"}
2025-09-02 13:06:19 | ERROR | utils.scheduler:_send_single_response:379 | ❌ Ошибка отправки отклика: Ошибка API: 403 - {"description":"Must process test first","errors":[{"value":"test_required","type":"negotiations"}],"request_id":"17568075837337446dafbd9090380003"}
2025-09-02 13:06:19 | ERROR | utils.scheduler:_send_responses:271 | Не удалось отправить отклик на вакансию 122459875
2025-09-02 13:06:20 | ERROR | hh_api.client:send_response_to_vacancy:301 | Ошибка отправки отклика на вакансию 120403853: Ошибка API: 403 - {"description":"Must process test first","errors":[{"value":"test_required","type":"negotiations"}],"request_id":"175680758387225b1c7635e8dbeb8012"}
2025-09-02 13:06:20 | ERROR | utils.scheduler:_send_single_response:379 | ❌ Ошибка отправки отклика: Ошибка API: 403 - {"description":"Must process test first","errors":[{"value":"test_required","type":"negotiations"}],"request_id":"175680758387225b1c7635e8dbeb8012"}
2025-09-02 13:06:20 | ERROR | utils.scheduler:_send_responses:271 | Не удалось отправить отклик на вакансию 120403853
2025-09-02 13:06:20 | ERROR | hh_api.client:send_response_to_vacancy:301 | Ошибка отправки отклика на вакансию 124118139: Ошибка API: 403 - {"description":"Must process test first","errors":[{"value":"test_required","type":"negotiations"}],"request_id":"1756807584079c2a4bf0b4ca884d5004"}
2025-09-02 13:06:20 | ERROR | utils.scheduler:_send_single_response:379 | ❌ Ошибка отправки отклика: Ошибка API: 403 - {"description":"Must process test first","errors":[{"value":"test_required","type":"negotiations"}],"request_id":"1756807584079c2a4bf0b4ca884d5004"}
2025-09-02 13:06:20 | ERROR | utils.scheduler:_send_responses:271 | Не удалось отправить отклик на вакансию 124118139
2025-09-02 13:06:20 | ERROR | hh_api.client:send_response_to_vacancy:301 | Ошибка отправки отклика на вакансию 73726156: Ошибка API: 403 - {"description":"Must process test first","errors":[{"value":"test_required","type":"negotiations"}],"request_id":"1756807584191d468fad7c2b03719002"}
2025-09-02 13:06:20 | ERROR | utils.scheduler:_send_single_response:379 | ❌ Ошибка отправки отклика: Ошибка API: 403 - {"description":"Must process test first","errors":[{"value":"test_required","type":"negotiations"}],"request_id":"1756807584191d468fad7c2b03719002"}
2025-09-02 13:06:20 | ERROR | utils.scheduler:_send_responses:271 | Не удалось отправить отклик на вакансию 73726156
2025-09-02 13:07:28 | ERROR | hh_api.client:send_response_to_vacancy:301 | Ошибка отправки отклика на вакансию 122459875: Ошибка API: 403 - {"description":"Must process test first","errors":[{"value":"test_required","type":"negotiations"}],"request_id":"1756807651992215315427add4013011"}
2025-09-02 13:07:28 | ERROR | utils.scheduler:_send_single_response:379 | ❌ Ошибка отправки отклика: Ошибка API: 403 - {"description":"Must process test first","errors":[{"value":"test_required","type":"negotiations"}],"request_id":"1756807651992215315427add4013011"}
2025-09-02 13:07:28 | ERROR | utils.scheduler:_send_responses:271 | Не удалось отправить отклик на вакансию 122459875
2025-09-02 13:07:28 | ERROR | hh_api.client:send_response_to_vacancy:301 | Ошибка отправки отклика на вакансию 120403853: Ошибка API: 403 - {"description":"Must process test first","errors":[{"value":"test_required","type":"negotiations"}],"request_id":"17568076521168fec8c2f720e329c005"}
2025-09-02 13:07:28 | ERROR | utils.scheduler:_send_single_response:379 | ❌ Ошибка отправки отклика: Ошибка API: 403 - {"description":"Must process test first","errors":[{"value":"test_required","type":"negotiations"}],"request_id":"17568076521168fec8c2f720e329c005"}
2025-09-02 13:07:28 | ERROR | utils.scheduler:_send_responses:271 | Не удалось отправить отклик на вакансию 120403853
2025-09-02 13:07:28 | ERROR | hh_api.client:send_response_to_vacancy:301 | Ошибка отправки отклика на вакансию 124118139: Ошибка API: 403 - {"description":"Must process test first","errors":[{"value":"test_required","type":"negotiations"}],"request_id":"1756807652241162cf441a85b819c010"}
2025-09-02 13:07:28 | ERROR | utils.scheduler:_send_single_response:379 | ❌ Ошибка отправки отклика: Ошибка API: 403 - {"description":"Must process test first","errors":[{"value":"test_required","type":"negotiations"}],"request_id":"1756807652241162cf441a85b819c010"}
2025-09-02 13:07:28 | ERROR | utils.scheduler:_send_responses:271 | Не удалось отправить отклик на вакансию 124118139
2025-09-02 13:07:28 | ERROR | hh_api.client:send_response_to_vacancy:301 | Ошибка отправки отклика на вакансию 73726156: Ошибка API: 403 - {"description":"Must process test first","errors":[{"value":"test_required","type":"negotiations"}],"request_id":"17568076523616cfc20af55047f76011"}
2025-09-02 13:07:28 | ERROR | utils.scheduler:_send_single_response:379 | ❌ Ошибка отправки отклика: Ошибка API: 403 - {"description":"Must process test first","errors":[{"value":"test_required","type":"negotiations"}],"request_id":"17568076523616cfc20af55047f76011"}
2025-09-02 13:07:28 | ERROR | utils.scheduler:_send_responses:271 | Не удалось отправить отклик на вакансию 73726156
2025-09-02 13:07:32 | ERROR | bot.handlers.main:responses_handler:726 | Ошибка получения истории откликов: 'DatabaseRepository' object has no attribute 'get_user_responses'
2025-09-02 13:09:00 | ERROR | hh_api.client:send_response_to_vacancy:301 | Ошибка отправки отклика на вакансию 122459875: Ошибка API: 403 - {"description":"Must process test first","errors":[{"value":"test_required","type":"negotiations"}],"request_id":"175680774458164925c7f870dc006008"}
2025-09-02 13:09:00 | ERROR | utils.scheduler:_send_single_response:379 | ❌ Ошибка отправки отклика: Ошибка API: 403 - {"description":"Must process test first","errors":[{"value":"test_required","type":"negotiations"}],"request_id":"175680774458164925c7f870dc006008"}
2025-09-02 13:09:00 | ERROR | utils.scheduler:_send_responses:271 | Не удалось отправить отклик на вакансию 122459875
2025-09-02 13:09:00 | ERROR | hh_api.client:send_response_to_vacancy:301 | Ошибка отправки отклика на вакансию 120403853: Ошибка API: 403 - {"description":"Must process test first","errors":[{"value":"test_required","type":"negotiations"}],"request_id":"17568077446933295767590b45e25002"}
2025-09-02 13:09:00 | ERROR | utils.scheduler:_send_single_response:379 | ❌ Ошибка отправки отклика: Ошибка API: 403 - {"description":"Must process test first","errors":[{"value":"test_required","type":"negotiations"}],"request_id":"17568077446933295767590b45e25002"}
2025-09-02 13:09:00 | ERROR | utils.scheduler:_send_responses:271 | Не удалось отправить отклик на вакансию 120403853
2025-09-02 13:09:00 | ERROR | hh_api.client:send_response_to_vacancy:301 | Ошибка отправки отклика на вакансию 124118139: Ошибка API: 403 - {"description":"Must process test first","errors":[{"value":"test_required","type":"negotiations"}],"request_id":"1756807744828244a3eccff618d60005"}
2025-09-02 13:09:00 | ERROR | utils.scheduler:_send_single_response:379 | ❌ Ошибка отправки отклика: Ошибка API: 403 - {"description":"Must process test first","errors":[{"value":"test_required","type":"negotiations"}],"request_id":"1756807744828244a3eccff618d60005"}
2025-09-02 13:09:00 | ERROR | utils.scheduler:_send_responses:271 | Не удалось отправить отклик на вакансию 124118139
2025-09-02 13:09:01 | ERROR | hh_api.client:send_response_to_vacancy:301 | Ошибка отправки отклика на вакансию 73726156: Ошибка API: 403 - {"description":"Must process test first","errors":[{"value":"test_required","type":"negotiations"}],"request_id":"175680774494200170a4ba0c7fc9a011"}
2025-09-02 13:09:01 | ERROR | utils.scheduler:_send_single_response:379 | ❌ Ошибка отправки отклика: Ошибка API: 403 - {"description":"Must process test first","errors":[{"value":"test_required","type":"negotiations"}],"request_id":"175680774494200170a4ba0c7fc9a011"}
2025-09-02 13:09:01 | ERROR | utils.scheduler:_send_responses:271 | Не удалось отправить отклик на вакансию 73726156
2025-09-02 13:10:32 | ERROR | hh_api.client:send_response_to_vacancy:301 | Ошибка отправки отклика на вакансию 122459875: Ошибка API: 403 - {"description":"Must process test first","errors":[{"value":"test_required","type":"negotiations"}],"request_id":"1756807836793698cb396373ee732010"}
2025-09-02 13:10:32 | ERROR | utils.scheduler:_send_single_response:379 | ❌ Ошибка отправки отклика: Ошибка API: 403 - {"description":"Must process test first","errors":[{"value":"test_required","type":"negotiations"}],"request_id":"1756807836793698cb396373ee732010"}
2025-09-02 13:10:32 | ERROR | utils.scheduler:_send_responses:271 | Не удалось отправить отклик на вакансию 122459875
2025-09-02 13:10:33 | ERROR | hh_api.client:send_response_to_vacancy:301 | Ошибка отправки отклика на вакансию 120403853: Ошибка API: 403 - {"description":"Must process test first","errors":[{"value":"test_required","type":"negotiations"}],"request_id":"175680783698765511fbfea29c7fe002"}
2025-09-02 13:10:33 | ERROR | utils.scheduler:_send_single_response:379 | ❌ Ошибка отправки отклика: Ошибка API: 403 - {"description":"Must process test first","errors":[{"value":"test_required","type":"negotiations"}],"request_id":"175680783698765511fbfea29c7fe002"}
2025-09-02 13:10:33 | ERROR | utils.scheduler:_send_responses:271 | Не удалось отправить отклик на вакансию 120403853
2025-09-02 13:10:33 | ERROR | hh_api.client:send_response_to_vacancy:301 | Ошибка отправки отклика на вакансию 124118139: Ошибка API: 403 - {"description":"Must process test first","errors":[{"value":"test_required","type":"negotiations"}],"request_id":"1756807837134d4cac18c0a38892a007"}
2025-09-02 13:10:33 | ERROR | utils.scheduler:_send_single_response:379 | ❌ Ошибка отправки отклика: Ошибка API: 403 - {"description":"Must process test first","errors":[{"value":"test_required","type":"negotiations"}],"request_id":"1756807837134d4cac18c0a38892a007"}
2025-09-02 13:10:33 | ERROR | utils.scheduler:_send_responses:271 | Не удалось отправить отклик на вакансию 124118139
2025-09-02 13:10:33 | ERROR | hh_api.client:send_response_to_vacancy:301 | Ошибка отправки отклика на вакансию 73726156: Ошибка API: 403 - {"description":"Must process test first","errors":[{"value":"test_required","type":"negotiations"}],"request_id":"1756807837281e699f2838150aa31007"}
2025-09-02 13:10:33 | ERROR | utils.scheduler:_send_single_response:379 | ❌ Ошибка отправки отклика: Ошибка API: 403 - {"description":"Must process test first","errors":[{"value":"test_required","type":"negotiations"}],"request_id":"1756807837281e699f2838150aa31007"}
2025-09-02 13:10:33 | ERROR | utils.scheduler:_send_responses:271 | Не удалось отправить отклик на вакансию 73726156
2025-09-02 13:11:19 | ERROR | hh_api.client:send_response_to_vacancy:301 | Ошибка отправки отклика на вакансию 122459875: Ошибка API: 403 - {"description":"Must process test first","errors":[{"value":"test_required","type":"negotiations"}],"request_id":"1756807883613f1c6f7f8304f482c007"}
2025-09-02 13:11:19 | ERROR | utils.scheduler:_send_single_response:379 | ❌ Ошибка отправки отклика: Ошибка API: 403 - {"description":"Must process test first","errors":[{"value":"test_required","type":"negotiations"}],"request_id":"1756807883613f1c6f7f8304f482c007"}
2025-09-02 13:11:19 | ERROR | utils.scheduler:_send_responses:271 | Не удалось отправить отклик на вакансию 122459875
2025-09-02 13:11:19 | ERROR | hh_api.client:send_response_to_vacancy:301 | Ошибка отправки отклика на вакансию 120403853: Ошибка API: 403 - {"description":"Must process test first","errors":[{"value":"test_required","type":"negotiations"}],"request_id":"175680788373194f5a35a85240a7e007"}
2025-09-02 13:11:19 | ERROR | utils.scheduler:_send_single_response:379 | ❌ Ошибка отправки отклика: Ошибка API: 403 - {"description":"Must process test first","errors":[{"value":"test_required","type":"negotiations"}],"request_id":"175680788373194f5a35a85240a7e007"}
2025-09-02 13:11:19 | ERROR | utils.scheduler:_send_responses:271 | Не удалось отправить отклик на вакансию 120403853
2025-09-02 13:11:19 | ERROR | hh_api.client:send_response_to_vacancy:301 | Ошибка отправки отклика на вакансию 124118139: Ошибка API: 403 - {"description":"Must process test first","errors":[{"value":"test_required","type":"negotiations"}],"request_id":"17568078838193469d6e4c56c4f7a007"}
2025-09-02 13:11:19 | ERROR | utils.scheduler:_send_single_response:379 | ❌ Ошибка отправки отклика: Ошибка API: 403 - {"description":"Must process test first","errors":[{"value":"test_required","type":"negotiations"}],"request_id":"17568078838193469d6e4c56c4f7a007"}
2025-09-02 13:11:19 | ERROR | utils.scheduler:_send_responses:271 | Не удалось отправить отклик на вакансию 124118139
2025-09-02 13:11:19 | ERROR | hh_api.client:send_response_to_vacancy:301 | Ошибка отправки отклика на вакансию 73726156: Ошибка API: 403 - {"description":"Must process test first","errors":[{"value":"test_required","type":"negotiations"}],"request_id":"1756807883906c703e713b5cb1e20007"}
2025-09-02 13:11:19 | ERROR | utils.scheduler:_send_single_response:379 | ❌ Ошибка отправки отклика: Ошибка API: 403 - {"description":"Must process test first","errors":[{"value":"test_required","type":"negotiations"}],"request_id":"1756807883906c703e713b5cb1e20007"}
2025-09-02 13:11:19 | ERROR | utils.scheduler:_send_responses:271 | Не удалось отправить отклик на вакансию 73726156
2025-09-02 13:12:05 | ERROR | hh_api.client:send_response_to_vacancy:301 | Ошибка отправки отклика на вакансию 122459875: Ошибка API: 403 - {"description":"Must process test first","errors":[{"value":"test_required","type":"negotiations"}],"request_id":"1756807929096f44159500dcfeac0004"}
2025-09-02 13:12:05 | ERROR | utils.scheduler:_send_single_response:379 | ❌ Ошибка отправки отклика: Ошибка API: 403 - {"description":"Must process test first","errors":[{"value":"test_required","type":"negotiations"}],"request_id":"1756807929096f44159500dcfeac0004"}
2025-09-02 13:12:05 | ERROR | utils.scheduler:_send_responses:271 | Не удалось отправить отклик на вакансию 122459875
2025-09-02 13:12:05 | ERROR | hh_api.client:send_response_to_vacancy:301 | Ошибка отправки отклика на вакансию 120403853: Ошибка API: 403 - {"description":"Must process test first","errors":[{"value":"test_required","type":"negotiations"}],"request_id":"1756807929217221e19725db03445003"}
2025-09-02 13:12:05 | ERROR | utils.scheduler:_send_single_response:379 | ❌ Ошибка отправки отклика: Ошибка API: 403 - {"description":"Must process test first","errors":[{"value":"test_required","type":"negotiations"}],"request_id":"1756807929217221e19725db03445003"}
2025-09-02 13:12:05 | ERROR | utils.scheduler:_send_responses:271 | Не удалось отправить отклик на вакансию 120403853
2025-09-02 13:12:05 | ERROR | hh_api.client:send_response_to_vacancy:301 | Ошибка отправки отклика на вакансию 124118139: Ошибка API: 403 - {"description":"Must process test first","errors":[{"value":"test_required","type":"negotiations"}],"request_id":"175680792939249360fae9994ff2f010"}
2025-09-02 13:12:05 | ERROR | utils.scheduler:_send_single_response:379 | ❌ Ошибка отправки отклика: Ошибка API: 403 - {"description":"Must process test first","errors":[{"value":"test_required","type":"negotiations"}],"request_id":"175680792939249360fae9994ff2f010"}
2025-09-02 13:12:05 | ERROR | utils.scheduler:_send_responses:271 | Не удалось отправить отклик на вакансию 124118139
2025-09-02 13:12:05 | ERROR | hh_api.client:send_response_to_vacancy:301 | Ошибка отправки отклика на вакансию 73726156: Ошибка API: 403 - {"description":"Must process test first","errors":[{"value":"test_required","type":"negotiations"}],"request_id":"175680792964396bc3210c9810836010"}
2025-09-02 13:12:05 | ERROR | utils.scheduler:_send_single_response:379 | ❌ Ошибка отправки отклика: Ошибка API: 403 - {"description":"Must process test first","errors":[{"value":"test_required","type":"negotiations"}],"request_id":"175680792964396bc3210c9810836010"}
2025-09-02 13:12:05 | ERROR | utils.scheduler:_send_responses:271 | Не удалось отправить отклик на вакансию 73726156
2025-09-02 13:13:37 | ERROR | hh_api.client:send_response_to_vacancy:301 | Ошибка отправки отклика на вакансию 122459875: Ошибка API: 403 - {"description":"Must process test first","errors":[{"value":"test_required","type":"negotiations"}],"request_id":"17568080216827ea3271b037ebbae004"}
2025-09-02 13:13:37 | ERROR | utils.scheduler:_send_single_response:379 | ❌ Ошибка отправки отклика: Ошибка API: 403 - {"description":"Must process test first","errors":[{"value":"test_required","type":"negotiations"}],"request_id":"17568080216827ea3271b037ebbae004"}
2025-09-02 13:13:37 | ERROR | utils.scheduler:_send_responses:271 | Не удалось отправить отклик на вакансию 122459875
2025-09-02 13:13:37 | ERROR | hh_api.client:send_response_to_vacancy:301 | Ошибка отправки отклика на вакансию 120403853: Ошибка API: 403 - {"description":"Must process test first","errors":[{"value":"test_required","type":"negotiations"}],"request_id":"1756808021793c06ac11269327158005"}
2025-09-02 13:13:37 | ERROR | utils.scheduler:_send_single_response:379 | ❌ Ошибка отправки отклика: Ошибка API: 403 - {"description":"Must process test first","errors":[{"value":"test_required","type":"negotiations"}],"request_id":"1756808021793c06ac11269327158005"}
2025-09-02 13:13:37 | ERROR | utils.scheduler:_send_responses:271 | Не удалось отправить отклик на вакансию 120403853
2025-09-02 13:13:38 | ERROR | hh_api.client:send_response_to_vacancy:301 | Ошибка отправки отклика на вакансию 124118139: Ошибка API: 403 - {"description":"Must process test first","errors":[{"value":"test_required","type":"negotiations"}],"request_id":"17568080218988d1e0bb8b9b8e3f2011"}
2025-09-02 13:13:38 | ERROR | utils.scheduler:_send_single_response:379 | ❌ Ошибка отправки отклика: Ошибка API: 403 - {"description":"Must process test first","errors":[{"value":"test_required","type":"negotiations"}],"request_id":"17568080218988d1e0bb8b9b8e3f2011"}
2025-09-02 13:13:38 | ERROR | utils.scheduler:_send_responses:271 | Не удалось отправить отклик на вакансию 124118139
2025-09-02 13:13:38 | ERROR | hh_api.client:send_response_to_vacancy:301 | Ошибка отправки отклика на вакансию 73726156: Ошибка API: 403 - {"description":"Must process test first","errors":[{"value":"test_required","type":"negotiations"}],"request_id":"17568080220327158b8bc8202e11e012"}
2025-09-02 13:13:38 | ERROR | utils.scheduler:_send_single_response:379 | ❌ Ошибка отправки отклика: Ошибка API: 403 - {"description":"Must process test first","errors":[{"value":"test_required","type":"negotiations"}],"request_id":"17568080220327158b8bc8202e11e012"}
2025-09-02 13:13:38 | ERROR | utils.scheduler:_send_responses:271 | Не удалось отправить отклик на вакансию 73726156
2025-09-02 13:13:38 | ERROR | hh_api.client:send_response_to_vacancy:301 | Ошибка отправки отклика на вакансию 123668205: Ошибка API: 403 - {"description":"Must process test first","errors":[{"value":"test_required","type":"negotiations"}],"request_id":"1756808022147f58fa4d20a292f37002"}
2025-09-02 13:13:38 | ERROR | utils.scheduler:_send_single_response:379 | ❌ Ошибка отправки отклика: Ошибка API: 403 - {"description":"Must process test first","errors":[{"value":"test_required","type":"negotiations"}],"request_id":"1756808022147f58fa4d20a292f37002"}
2025-09-02 13:13:38 | ERROR | utils.scheduler:_send_responses:271 | Не удалось отправить отклик на вакансию 123668205
2025-09-02 13:14:38 | ERROR | hh_api.client:send_response_to_vacancy:301 | Ошибка отправки отклика на вакансию 122459875: Ошибка API: 403 - {"description":"Must process test first","errors":[{"value":"test_required","type":"negotiations"}],"request_id":"17568080829030c6e32f0224263ba008"}
2025-09-02 13:14:38 | ERROR | utils.scheduler:_send_single_response:379 | ❌ Ошибка отправки отклика: Ошибка API: 403 - {"description":"Must process test first","errors":[{"value":"test_required","type":"negotiations"}],"request_id":"17568080829030c6e32f0224263ba008"}
2025-09-02 13:14:38 | ERROR | utils.scheduler:_send_responses:271 | Не удалось отправить отклик на вакансию 122459875
2025-09-02 13:14:39 | ERROR | hh_api.client:send_response_to_vacancy:301 | Ошибка отправки отклика на вакансию 120403853: Ошибка API: 403 - {"description":"Must process test first","errors":[{"value":"test_required","type":"negotiations"}],"request_id":"175680808300365f8afc800558e40008"}
2025-09-02 13:14:39 | ERROR | utils.scheduler:_send_single_response:379 | ❌ Ошибка отправки отклика: Ошибка API: 403 - {"description":"Must process test first","errors":[{"value":"test_required","type":"negotiations"}],"request_id":"175680808300365f8afc800558e40008"}
2025-09-02 13:14:39 | ERROR | utils.scheduler:_send_responses:271 | Не удалось отправить отклик на вакансию 120403853
2025-09-02 13:14:39 | ERROR | hh_api.client:send_response_to_vacancy:301 | Ошибка отправки отклика на вакансию 124118139: Ошибка API: 403 - {"description":"Must process test first","errors":[{"value":"test_required","type":"negotiations"}],"request_id":"1756808083099f987508c521b2456009"}
2025-09-02 13:14:39 | ERROR | utils.scheduler:_send_single_response:379 | ❌ Ошибка отправки отклика: Ошибка API: 403 - {"description":"Must process test first","errors":[{"value":"test_required","type":"negotiations"}],"request_id":"1756808083099f987508c521b2456009"}
2025-09-02 13:14:39 | ERROR | utils.scheduler:_send_responses:271 | Не удалось отправить отклик на вакансию 124118139
2025-09-02 13:14:39 | ERROR | hh_api.client:send_response_to_vacancy:301 | Ошибка отправки отклика на вакансию 73726156: Ошибка API: 403 - {"description":"Must process test first","errors":[{"value":"test_required","type":"negotiations"}],"request_id":"17568080831799c7bceea8cfa2005009"}
2025-09-02 13:14:39 | ERROR | utils.scheduler:_send_single_response:379 | ❌ Ошибка отправки отклика: Ошибка API: 403 - {"description":"Must process test first","errors":[{"value":"test_required","type":"negotiations"}],"request_id":"17568080831799c7bceea8cfa2005009"}
2025-09-02 13:14:39 | ERROR | utils.scheduler:_send_responses:271 | Не удалось отправить отклик на вакансию 73726156
2025-09-02 13:14:39 | ERROR | hh_api.client:send_response_to_vacancy:301 | Ошибка отправки отклика на вакансию 123668205: Ошибка API: 403 - {"description":"Must process test first","errors":[{"value":"test_required","type":"negotiations"}],"request_id":"1756808083491c857bd48a2cf58c1009"}
2025-09-02 13:14:39 | ERROR | utils.scheduler:_send_single_response:379 | ❌ Ошибка отправки отклика: Ошибка API: 403 - {"description":"Must process test first","errors":[{"value":"test_required","type":"negotiations"}],"request_id":"1756808083491c857bd48a2cf58c1009"}
2025-09-02 13:14:39 | ERROR | utils.scheduler:_send_responses:271 | Не удалось отправить отклик на вакансию 123668205
2025-09-02 13:15:40 | ERROR | hh_api.client:send_response_to_vacancy:301 | Ошибка отправки отклика на вакансию 122459875: Ошибка API: 403 - {"description":"Must process test first","errors":[{"value":"test_required","type":"negotiations"}],"request_id":"1756808144719b680df341db6f840004"}
2025-09-02 13:15:40 | ERROR | utils.scheduler:_send_single_response:379 | ❌ Ошибка отправки отклика: Ошибка API: 403 - {"description":"Must process test first","errors":[{"value":"test_required","type":"negotiations"}],"request_id":"1756808144719b680df341db6f840004"}
2025-09-02 13:15:40 | ERROR | utils.scheduler:_send_responses:271 | Не удалось отправить отклик на вакансию 122459875
2025-09-02 13:15:40 | ERROR | hh_api.client:send_response_to_vacancy:301 | Ошибка отправки отклика на вакансию 120403853: Ошибка API: 403 - {"description":"Must process test first","errors":[{"value":"test_required","type":"negotiations"}],"request_id":"175680814491042c4063c02733fc4004"}
2025-09-02 13:15:40 | ERROR | utils.scheduler:_send_single_response:379 | ❌ Ошибка отправки отклика: Ошибка API: 403 - {"description":"Must process test first","errors":[{"value":"test_required","type":"negotiations"}],"request_id":"175680814491042c4063c02733fc4004"}
2025-09-02 13:15:40 | ERROR | utils.scheduler:_send_responses:271 | Не удалось отправить отклик на вакансию 120403853
2025-09-02 13:15:41 | ERROR | hh_api.client:send_response_to_vacancy:301 | Ошибка отправки отклика на вакансию 124118139: Ошибка API: 403 - {"description":"Must process test first","errors":[{"value":"test_required","type":"negotiations"}],"request_id":"1756808145039b2f360469fb8913e004"}
2025-09-02 13:15:41 | ERROR | utils.scheduler:_send_single_response:379 | ❌ Ошибка отправки отклика: Ошибка API: 403 - {"description":"Must process test first","errors":[{"value":"test_required","type":"negotiations"}],"request_id":"1756808145039b2f360469fb8913e004"}
2025-09-02 13:15:41 | ERROR | utils.scheduler:_send_responses:271 | Не удалось отправить отклик на вакансию 124118139
2025-09-02 13:15:41 | ERROR | hh_api.client:send_response_to_vacancy:301 | Ошибка отправки отклика на вакансию 73726156: Ошибка API: 403 - {"description":"Must process test first","errors":[{"value":"test_required","type":"negotiations"}],"request_id":"1756808145149593a5ed2099bcda2005"}
2025-09-02 13:15:41 | ERROR | utils.scheduler:_send_single_response:379 | ❌ Ошибка отправки отклика: Ошибка API: 403 - {"description":"Must process test first","errors":[{"value":"test_required","type":"negotiations"}],"request_id":"1756808145149593a5ed2099bcda2005"}
2025-09-02 13:15:41 | ERROR | utils.scheduler:_send_responses:271 | Не удалось отправить отклик на вакансию 73726156
2025-09-02 13:15:41 | ERROR | hh_api.client:send_response_to_vacancy:301 | Ошибка отправки отклика на вакансию 123668205: Ошибка API: 403 - {"description":"Must process test first","errors":[{"value":"test_required","type":"negotiations"}],"request_id":"175680814524182ff6b138c24d7f8005"}
2025-09-02 13:15:41 | ERROR | utils.scheduler:_send_single_response:379 | ❌ Ошибка отправки отклика: Ошибка API: 403 - {"description":"Must process test first","errors":[{"value":"test_required","type":"negotiations"}],"request_id":"175680814524182ff6b138c24d7f8005"}
2025-09-02 13:15:41 | ERROR | utils.scheduler:_send_responses:271 | Не удалось отправить отклик на вакансию 123668205
2025-09-02 13:16:19 | ERROR | hh_api.client:send_response_to_vacancy:301 | Ошибка отправки отклика на вакансию 122459875: Ошибка API: 403 - {"description":"Must process test first","errors":[{"value":"test_required","type":"negotiations"}],"request_id":"17568081837381fc3de460a23d22a007"}
2025-09-02 13:16:19 | ERROR | utils.scheduler:_send_single_response:379 | ❌ Ошибка отправки отклика: Ошибка API: 403 - {"description":"Must process test first","errors":[{"value":"test_required","type":"negotiations"}],"request_id":"17568081837381fc3de460a23d22a007"}
2025-09-02 13:16:19 | ERROR | utils.scheduler:_send_responses:271 | Не удалось отправить отклик на вакансию 122459875
2025-09-02 13:16:19 | ERROR | hh_api.client:send_response_to_vacancy:301 | Ошибка отправки отклика на вакансию 120403853: Ошибка API: 403 - {"description":"Must process test first","errors":[{"value":"test_required","type":"negotiations"}],"request_id":"1756808183870401252762052f22e007"}
2025-09-02 13:16:19 | ERROR | utils.scheduler:_send_single_response:379 | ❌ Ошибка отправки отклика: Ошибка API: 403 - {"description":"Must process test first","errors":[{"value":"test_required","type":"negotiations"}],"request_id":"1756808183870401252762052f22e007"}
2025-09-02 13:16:19 | ERROR | utils.scheduler:_send_responses:271 | Не удалось отправить отклик на вакансию 120403853
2025-09-02 13:16:20 | ERROR | hh_api.client:send_response_to_vacancy:301 | Ошибка отправки отклика на вакансию 124118139: Ошибка API: 403 - {"description":"Must process test first","errors":[{"value":"test_required","type":"negotiations"}],"request_id":"175680818397324d482d9472caffd007"}
2025-09-02 13:16:20 | ERROR | utils.scheduler:_send_single_response:379 | ❌ Ошибка отправки отклика: Ошибка API: 403 - {"description":"Must process test first","errors":[{"value":"test_required","type":"negotiations"}],"request_id":"175680818397324d482d9472caffd007"}
2025-09-02 13:16:20 | ERROR | utils.scheduler:_send_responses:271 | Не удалось отправить отклик на вакансию 124118139
2025-09-02 13:16:20 | ERROR | hh_api.client:send_response_to_vacancy:301 | Ошибка отправки отклика на вакансию 73726156: Ошибка API: 403 - {"description":"Must process test first","errors":[{"value":"test_required","type":"negotiations"}],"request_id":"17568081842811e6ef62fa01c9bb1012"}
2025-09-02 13:16:20 | ERROR | utils.scheduler:_send_single_response:379 | ❌ Ошибка отправки отклика: Ошибка API: 403 - {"description":"Must process test first","errors":[{"value":"test_required","type":"negotiations"}],"request_id":"17568081842811e6ef62fa01c9bb1012"}
2025-09-02 13:16:20 | ERROR | utils.scheduler:_send_responses:271 | Не удалось отправить отклик на вакансию 73726156
2025-09-02 13:16:20 | ERROR | hh_api.client:send_response_to_vacancy:301 | Ошибка отправки отклика на вакансию 123668205: Ошибка API: 403 - {"description":"Must process test first","errors":[{"value":"test_required","type":"negotiations"}],"request_id":"175680818445405d84dc2f5419210010"}
2025-09-02 13:16:20 | ERROR | utils.scheduler:_send_single_response:379 | ❌ Ошибка отправки отклика: Ошибка API: 403 - {"description":"Must process test first","errors":[{"value":"test_required","type":"negotiations"}],"request_id":"175680818445405d84dc2f5419210010"}
2025-09-02 13:16:20 | ERROR | utils.scheduler:_send_responses:271 | Не удалось отправить отклик на вакансию 123668205
2025-09-02 13:16:42 | ERROR | hh_api.client:send_response_to_vacancy:301 | Ошибка отправки отклика на вакансию 122459875: Ошибка API: 403 - {"description":"Must process test first","errors":[{"value":"test_required","type":"negotiations"}],"request_id":"17568082060558d54b3d36bdf8907006"}
2025-09-02 13:16:42 | ERROR | utils.scheduler:_send_single_response:379 | ❌ Ошибка отправки отклика: Ошибка API: 403 - {"description":"Must process test first","errors":[{"value":"test_required","type":"negotiations"}],"request_id":"17568082060558d54b3d36bdf8907006"}
2025-09-02 13:16:42 | ERROR | utils.scheduler:_send_responses:271 | Не удалось отправить отклик на вакансию 122459875
2025-09-02 13:16:42 | ERROR | hh_api.client:send_response_to_vacancy:301 | Ошибка отправки отклика на вакансию 120403853: Ошибка API: 403 - {"description":"Must process test first","errors":[{"value":"test_required","type":"negotiations"}],"request_id":"1756808206280fc2c2efc905fae06009"}
2025-09-02 13:16:42 | ERROR | utils.scheduler:_send_single_response:379 | ❌ Ошибка отправки отклика: Ошибка API: 403 - {"description":"Must process test first","errors":[{"value":"test_required","type":"negotiations"}],"request_id":"1756808206280fc2c2efc905fae06009"}
2025-09-02 13:16:42 | ERROR | utils.scheduler:_send_responses:271 | Не удалось отправить отклик на вакансию 120403853
2025-09-02 13:16:42 | ERROR | hh_api.client:send_response_to_vacancy:301 | Ошибка отправки отклика на вакансию 124118139: Ошибка API: 403 - {"description":"Must process test first","errors":[{"value":"test_required","type":"negotiations"}],"request_id":"1756808206350851d7506478b9569011"}
2025-09-02 13:16:42 | ERROR | utils.scheduler:_send_single_response:379 | ❌ Ошибка отправки отклика: Ошибка API: 403 - {"description":"Must process test first","errors":[{"value":"test_required","type":"negotiations"}],"request_id":"1756808206350851d7506478b9569011"}
2025-09-02 13:16:42 | ERROR | utils.scheduler:_send_responses:271 | Не удалось отправить отклик на вакансию 124118139
2025-09-02 13:16:42 | ERROR | hh_api.client:send_response_to_vacancy:301 | Ошибка отправки отклика на вакансию 73726156: Ошибка API: 403 - {"description":"Must process test first","errors":[{"value":"test_required","type":"negotiations"}],"request_id":"1756808206443d7ab95dbc5725843004"}
2025-09-02 13:16:42 | ERROR | utils.scheduler:_send_single_response:379 | ❌ Ошибка отправки отклика: Ошибка API: 403 - {"description":"Must process test first","errors":[{"value":"test_required","type":"negotiations"}],"request_id":"1756808206443d7ab95dbc5725843004"}
2025-09-02 13:16:42 | ERROR | utils.scheduler:_send_responses:271 | Не удалось отправить отклик на вакансию 73726156
2025-09-02 13:16:42 | ERROR | hh_api.client:send_response_to_vacancy:301 | Ошибка отправки отклика на вакансию 123668205: Ошибка API: 403 - {"description":"Must process test first","errors":[{"value":"test_required","type":"negotiations"}],"request_id":"175680820675908aac1580d1951bb004"}
2025-09-02 13:16:42 | ERROR | utils.scheduler:_send_single_response:379 | ❌ Ошибка отправки отклика: Ошибка API: 403 - {"description":"Must process test first","errors":[{"value":"test_required","type":"negotiations"}],"request_id":"175680820675908aac1580d1951bb004"}
2025-09-02 13:16:42 | ERROR | utils.scheduler:_send_responses:271 | Не удалось отправить отклик на вакансию 123668205
2025-09-02 13:17:43 | ERROR | hh_api.client:send_response_to_vacancy:301 | Ошибка отправки отклика на вакансию 122459875: Ошибка API: 403 - {"description":"Must process test first","errors":[{"value":"test_required","type":"negotiations"}],"request_id":"1756808267644be4f7fc2ea2fd9d7004"}
2025-09-02 13:17:43 | ERROR | utils.scheduler:_send_single_response:379 | ❌ Ошибка отправки отклика: Ошибка API: 403 - {"description":"Must process test first","errors":[{"value":"test_required","type":"negotiations"}],"request_id":"1756808267644be4f7fc2ea2fd9d7004"}
2025-09-02 13:17:43 | ERROR | utils.scheduler:_send_responses:271 | Не удалось отправить отклик на вакансию 122459875
2025-09-02 13:17:43 | ERROR | hh_api.client:send_response_to_vacancy:301 | Ошибка отправки отклика на вакансию 120403853: Ошибка API: 403 - {"description":"Must process test first","errors":[{"value":"test_required","type":"negotiations"}],"request_id":"175680826775254ea37c916b81534004"}
2025-09-02 13:17:43 | ERROR | utils.scheduler:_send_single_response:379 | ❌ Ошибка отправки отклика: Ошибка API: 403 - {"description":"Must process test first","errors":[{"value":"test_required","type":"negotiations"}],"request_id":"175680826775254ea37c916b81534004"}
2025-09-02 13:17:43 | ERROR | utils.scheduler:_send_responses:271 | Не удалось отправить отклик на вакансию 120403853
2025-09-02 13:17:44 | ERROR | hh_api.client:send_response_to_vacancy:301 | Ошибка отправки отклика на вакансию 124118139: Ошибка API: 403 - {"description":"Must process test first","errors":[{"value":"test_required","type":"negotiations"}],"request_id":"175680826797368bd856b40954523004"}
2025-09-02 13:17:44 | ERROR | utils.scheduler:_send_single_response:379 | ❌ Ошибка отправки отклика: Ошибка API: 403 - {"description":"Must process test first","errors":[{"value":"test_required","type":"negotiations"}],"request_id":"175680826797368bd856b40954523004"}
2025-09-02 13:17:44 | ERROR | utils.scheduler:_send_responses:271 | Не удалось отправить отклик на вакансию 124118139
2025-09-02 13:17:44 | ERROR | hh_api.client:send_response_to_vacancy:301 | Ошибка отправки отклика на вакансию 73726156: Ошибка API: 403 - {"description":"Must process test first","errors":[{"value":"test_required","type":"negotiations"}],"request_id":"17568082680953b1803a1bbaea030004"}
2025-09-02 13:17:44 | ERROR | utils.scheduler:_send_single_response:379 | ❌ Ошибка отправки отклика: Ошибка API: 403 - {"description":"Must process test first","errors":[{"value":"test_required","type":"negotiations"}],"request_id":"17568082680953b1803a1bbaea030004"}
2025-09-02 13:17:44 | ERROR | utils.scheduler:_send_responses:271 | Не удалось отправить отклик на вакансию 73726156
2025-09-02 13:17:44 | ERROR | hh_api.client:send_response_to_vacancy:301 | Ошибка отправки отклика на вакансию 123668205: Ошибка API: 403 - {"description":"Must process test first","errors":[{"value":"test_required","type":"negotiations"}],"request_id":"17568082681892cc380d10b921cd2002"}
2025-09-02 13:17:44 | ERROR | utils.scheduler:_send_single_response:379 | ❌ Ошибка отправки отклика: Ошибка API: 403 - {"description":"Must process test first","errors":[{"value":"test_required","type":"negotiations"}],"request_id":"17568082681892cc380d10b921cd2002"}
2025-09-02 13:17:44 | ERROR | utils.scheduler:_send_responses:271 | Не удалось отправить отклик на вакансию 123668205
2025-09-02 13:18:44 | ERROR | hh_api.client:send_response_to_vacancy:301 | Ошибка отправки отклика на вакансию 122459875: Ошибка API: 403 - {"description":"Must process test first","errors":[{"value":"test_required","type":"negotiations"}],"request_id":"175680832889798185d3c97f87746007"}
2025-09-02 13:18:44 | ERROR | utils.scheduler:_send_single_response:379 | ❌ Ошибка отправки отклика: Ошибка API: 403 - {"description":"Must process test first","errors":[{"value":"test_required","type":"negotiations"}],"request_id":"175680832889798185d3c97f87746007"}
2025-09-02 13:18:44 | ERROR | utils.scheduler:_send_responses:271 | Не удалось отправить отклик на вакансию 122459875
2025-09-02 13:18:45 | ERROR | hh_api.client:send_response_to_vacancy:301 | Ошибка отправки отклика на вакансию 120403853: Ошибка API: 403 - {"description":"Must process test first","errors":[{"value":"test_required","type":"negotiations"}],"request_id":"175680832900545b05c494ab336a1012"}
2025-09-02 13:18:45 | ERROR | utils.scheduler:_send_single_response:379 | ❌ Ошибка отправки отклика: Ошибка API: 403 - {"description":"Must process test first","errors":[{"value":"test_required","type":"negotiations"}],"request_id":"175680832900545b05c494ab336a1012"}
2025-09-02 13:18:45 | ERROR | utils.scheduler:_send_responses:271 | Не удалось отправить отклик на вакансию 120403853
2025-09-02 13:18:45 | ERROR | hh_api.client:send_response_to_vacancy:301 | Ошибка отправки отклика на вакансию 124118139: Ошибка API: 403 - {"description":"Must process test first","errors":[{"value":"test_required","type":"negotiations"}],"request_id":"17568083291030b6acc434467d0fb012"}
2025-09-02 13:18:45 | ERROR | utils.scheduler:_send_single_response:379 | ❌ Ошибка отправки отклика: Ошибка API: 403 - {"description":"Must process test first","errors":[{"value":"test_required","type":"negotiations"}],"request_id":"17568083291030b6acc434467d0fb012"}
2025-09-02 13:18:45 | ERROR | utils.scheduler:_send_responses:271 | Не удалось отправить отклик на вакансию 124118139
2025-09-02 13:18:45 | ERROR | hh_api.client:send_response_to_vacancy:301 | Ошибка отправки отклика на вакансию 73726156: Ошибка API: 403 - {"description":"Must process test first","errors":[{"value":"test_required","type":"negotiations"}],"request_id":"17568083293982535452b30b3a3ec012"}
2025-09-02 13:18:45 | ERROR | utils.scheduler:_send_single_response:379 | ❌ Ошибка отправки отклика: Ошибка API: 403 - {"description":"Must process test first","errors":[{"value":"test_required","type":"negotiations"}],"request_id":"17568083293982535452b30b3a3ec012"}
2025-09-02 13:18:45 | ERROR | utils.scheduler:_send_responses:271 | Не удалось отправить отклик на вакансию 73726156
2025-09-02 13:18:45 | ERROR | hh_api.client:send_response_to_vacancy:301 | Ошибка отправки отклика на вакансию 123668205: Ошибка API: 403 - {"description":"Must process test first","errors":[{"value":"test_required","type":"negotiations"}],"request_id":"1756808329584ddbe2c1465c71cbe009"}
2025-09-02 13:18:45 | ERROR | utils.scheduler:_send_single_response:379 | ❌ Ошибка отправки отклика: Ошибка API: 403 - {"description":"Must process test first","errors":[{"value":"test_required","type":"negotiations"}],"request_id":"1756808329584ddbe2c1465c71cbe009"}
2025-09-02 13:18:45 | ERROR | utils.scheduler:_send_responses:271 | Не удалось отправить отклик на вакансию 123668205
2025-09-02 13:19:46 | ERROR | hh_api.client:send_response_to_vacancy:301 | Ошибка отправки отклика на вакансию 122459875: Ошибка API: 403 - {"description":"Must process test first","errors":[{"value":"test_required","type":"negotiations"}],"request_id":"17568083903453ec7755c03b66847007"}
2025-09-02 13:19:46 | ERROR | utils.scheduler:_send_single_response:379 | ❌ Ошибка отправки отклика: Ошибка API: 403 - {"description":"Must process test first","errors":[{"value":"test_required","type":"negotiations"}],"request_id":"17568083903453ec7755c03b66847007"}
2025-09-02 13:19:46 | ERROR | utils.scheduler:_send_responses:271 | Не удалось отправить отклик на вакансию 122459875
2025-09-02 13:19:46 | ERROR | hh_api.client:send_response_to_vacancy:301 | Ошибка отправки отклика на вакансию 120403853: Ошибка API: 403 - {"description":"Must process test first","errors":[{"value":"test_required","type":"negotiations"}],"request_id":"17568083904806f2f5de9f4d7110b007"}
2025-09-02 13:19:46 | ERROR | utils.scheduler:_send_single_response:379 | ❌ Ошибка отправки отклика: Ошибка API: 403 - {"description":"Must process test first","errors":[{"value":"test_required","type":"negotiations"}],"request_id":"17568083904806f2f5de9f4d7110b007"}
2025-09-02 13:19:46 | ERROR | utils.scheduler:_send_responses:271 | Не удалось отправить отклик на вакансию 120403853
2025-09-02 13:19:46 | ERROR | hh_api.client:send_response_to_vacancy:301 | Ошибка отправки отклика на вакансию 124118139: Ошибка API: 403 - {"description":"Must process test first","errors":[{"value":"test_required","type":"negotiations"}],"request_id":"1756808390604e01b0805e9625242008"}
2025-09-02 13:19:46 | ERROR | utils.scheduler:_send_single_response:379 | ❌ Ошибка отправки отклика: Ошибка API: 403 - {"description":"Must process test first","errors":[{"value":"test_required","type":"negotiations"}],"request_id":"1756808390604e01b0805e9625242008"}
2025-09-02 13:19:46 | ERROR | utils.scheduler:_send_responses:271 | Не удалось отправить отклик на вакансию 124118139
2025-09-02 13:19:46 | ERROR | hh_api.client:send_response_to_vacancy:301 | Ошибка отправки отклика на вакансию 73726156: Ошибка API: 403 - {"description":"Must process test first","errors":[{"value":"test_required","type":"negotiations"}],"request_id":"175680839073658a092335127dd06002"}
2025-09-02 13:19:46 | ERROR | utils.scheduler:_send_single_response:379 | ❌ Ошибка отправки отклика: Ошибка API: 403 - {"description":"Must process test first","errors":[{"value":"test_required","type":"negotiations"}],"request_id":"175680839073658a092335127dd06002"}
2025-09-02 13:19:46 | ERROR | utils.scheduler:_send_responses:271 | Не удалось отправить отклик на вакансию 73726156
2025-09-02 13:19:46 | ERROR | hh_api.client:send_response_to_vacancy:301 | Ошибка отправки отклика на вакансию 123668205: Ошибка API: 403 - {"description":"Must process test first","errors":[{"value":"test_required","type":"negotiations"}],"request_id":"1756808390875881b17d098493214007"}
2025-09-02 13:19:46 | ERROR | utils.scheduler:_send_single_response:379 | ❌ Ошибка отправки отклика: Ошибка API: 403 - {"description":"Must process test first","errors":[{"value":"test_required","type":"negotiations"}],"request_id":"1756808390875881b17d098493214007"}
2025-09-02 13:19:46 | ERROR | utils.scheduler:_send_responses:271 | Не удалось отправить отклик на вакансию 123668205
2025-09-02 13:20:48 | ERROR | hh_api.client:send_response_to_vacancy:301 | Ошибка отправки отклика на вакансию 122459875: Ошибка API: 403 - {"description":"Must process test first","errors":[{"value":"test_required","type":"negotiations"}],"request_id":"1756808452322779a3f7d6c3e8838003"}
2025-09-02 13:20:48 | ERROR | utils.scheduler:_send_single_response:379 | ❌ Ошибка отправки отклика: Ошибка API: 403 - {"description":"Must process test first","errors":[{"value":"test_required","type":"negotiations"}],"request_id":"1756808452322779a3f7d6c3e8838003"}
2025-09-02 13:20:48 | ERROR | utils.scheduler:_send_responses:271 | Не удалось отправить отклик на вакансию 122459875
2025-09-02 13:20:48 | ERROR | hh_api.client:send_response_to_vacancy:301 | Ошибка отправки отклика на вакансию 120403853: Ошибка API: 403 - {"description":"Must process test first","errors":[{"value":"test_required","type":"negotiations"}],"request_id":"1756808452479290f4e48bca5954f011"}
2025-09-02 13:20:48 | ERROR | utils.scheduler:_send_single_response:379 | ❌ Ошибка отправки отклика: Ошибка API: 403 - {"description":"Must process test first","errors":[{"value":"test_required","type":"negotiations"}],"request_id":"1756808452479290f4e48bca5954f011"}
2025-09-02 13:20:48 | ERROR | utils.scheduler:_send_responses:271 | Не удалось отправить отклик на вакансию 120403853
2025-09-02 13:20:48 | ERROR | hh_api.client:send_response_to_vacancy:301 | Ошибка отправки отклика на вакансию 124118139: Ошибка API: 403 - {"description":"Must process test first","errors":[{"value":"test_required","type":"negotiations"}],"request_id":"17568084526185da6b43b5bdae1a3011"}
2025-09-02 13:20:48 | ERROR | utils.scheduler:_send_single_response:379 | ❌ Ошибка отправки отклика: Ошибка API: 403 - {"description":"Must process test first","errors":[{"value":"test_required","type":"negotiations"}],"request_id":"17568084526185da6b43b5bdae1a3011"}
2025-09-02 13:20:48 | ERROR | utils.scheduler:_send_responses:271 | Не удалось отправить отклик на вакансию 124118139
2025-09-02 13:20:48 | ERROR | hh_api.client:send_response_to_vacancy:301 | Ошибка отправки отклика на вакансию 73726156: Ошибка API: 403 - {"description":"Must process test first","errors":[{"value":"test_required","type":"negotiations"}],"request_id":"17568084527246c2b28b470ad9d7a009"}
2025-09-02 13:20:48 | ERROR | utils.scheduler:_send_single_response:379 | ❌ Ошибка отправки отклика: Ошибка API: 403 - {"description":"Must process test first","errors":[{"value":"test_required","type":"negotiations"}],"request_id":"17568084527246c2b28b470ad9d7a009"}
2025-09-02 13:20:48 | ERROR | utils.scheduler:_send_responses:271 | Не удалось отправить отклик на вакансию 73726156
2025-09-02 13:20:49 | ERROR | hh_api.client:send_response_to_vacancy:301 | Ошибка отправки отклика на вакансию 123668205: Ошибка API: 403 - {"description":"Must process test first","errors":[{"value":"test_required","type":"negotiations"}],"request_id":"17568084529891f3862d28159ac1a012"}
2025-09-02 13:20:49 | ERROR | utils.scheduler:_send_single_response:379 | ❌ Ошибка отправки отклика: Ошибка API: 403 - {"description":"Must process test first","errors":[{"value":"test_required","type":"negotiations"}],"request_id":"17568084529891f3862d28159ac1a012"}
2025-09-02 13:20:49 | ERROR | utils.scheduler:_send_responses:271 | Не удалось отправить отклик на вакансию 123668205
2025-09-02 13:21:19 | ERROR | hh_api.client:send_response_to_vacancy:301 | Ошибка отправки отклика на вакансию 122459875: Ошибка API: 403 - {"description":"Must process test first","errors":[{"value":"test_required","type":"negotiations"}],"request_id":"17568084836449c9b33ff145adbec004"}
2025-09-02 13:21:19 | ERROR | utils.scheduler:_send_single_response:379 | ❌ Ошибка отправки отклика: Ошибка API: 403 - {"description":"Must process test first","errors":[{"value":"test_required","type":"negotiations"}],"request_id":"17568084836449c9b33ff145adbec004"}
2025-09-02 13:21:19 | ERROR | utils.scheduler:_send_responses:271 | Не удалось отправить отклик на вакансию 122459875
2025-09-02 13:21:19 | ERROR | hh_api.client:send_response_to_vacancy:301 | Ошибка отправки отклика на вакансию 120403853: Ошибка API: 403 - {"description":"Must process test first","errors":[{"value":"test_required","type":"negotiations"}],"request_id":"1756808483756862d8f2d555638ba008"}
2025-09-02 13:21:19 | ERROR | utils.scheduler:_send_single_response:379 | ❌ Ошибка отправки отклика: Ошибка API: 403 - {"description":"Must process test first","errors":[{"value":"test_required","type":"negotiations"}],"request_id":"1756808483756862d8f2d555638ba008"}
2025-09-02 13:21:19 | ERROR | utils.scheduler:_send_responses:271 | Не удалось отправить отклик на вакансию 120403853
2025-09-02 13:21:20 | ERROR | hh_api.client:send_response_to_vacancy:301 | Ошибка отправки отклика на вакансию 124118139: Ошибка API: 403 - {"description":"Must process test first","errors":[{"value":"test_required","type":"negotiations"}],"request_id":"1756808483925cf7b2a3a0e8904da003"}
2025-09-02 13:21:20 | ERROR | utils.scheduler:_send_single_response:379 | ❌ Ошибка отправки отклика: Ошибка API: 403 - {"description":"Must process test first","errors":[{"value":"test_required","type":"negotiations"}],"request_id":"1756808483925cf7b2a3a0e8904da003"}
2025-09-02 13:21:20 | ERROR | utils.scheduler:_send_responses:271 | Не удалось отправить отклик на вакансию 124118139
2025-09-02 13:21:20 | ERROR | hh_api.client:send_response_to_vacancy:301 | Ошибка отправки отклика на вакансию 73726156: Ошибка API: 403 - {"description":"Must process test first","errors":[{"value":"test_required","type":"negotiations"}],"request_id":"1756808484050e8aa8aac942abcc0011"}
2025-09-02 13:21:20 | ERROR | utils.scheduler:_send_single_response:379 | ❌ Ошибка отправки отклика: Ошибка API: 403 - {"description":"Must process test first","errors":[{"value":"test_required","type":"negotiations"}],"request_id":"1756808484050e8aa8aac942abcc0011"}
2025-09-02 13:21:20 | ERROR | utils.scheduler:_send_responses:271 | Не удалось отправить отклик на вакансию 73726156
2025-09-02 13:21:20 | ERROR | hh_api.client:send_response_to_vacancy:301 | Ошибка отправки отклика на вакансию 123668205: Ошибка API: 403 - {"description":"Must process test first","errors":[{"value":"test_required","type":"negotiations"}],"request_id":"17568084841609b8e8fbd112b49c9009"}
2025-09-02 13:21:20 | ERROR | utils.scheduler:_send_single_response:379 | ❌ Ошибка отправки отклика: Ошибка API: 403 - {"description":"Must process test first","errors":[{"value":"test_required","type":"negotiations"}],"request_id":"17568084841609b8e8fbd112b49c9009"}
2025-09-02 13:21:20 | ERROR | utils.scheduler:_send_responses:271 | Не удалось отправить отклик на вакансию 123668205
2025-09-02 13:21:49 | ERROR | hh_api.client:send_response_to_vacancy:301 | Ошибка отправки отклика на вакансию 122459875: Ошибка API: 403 - {"description":"Must process test first","errors":[{"value":"test_required","type":"negotiations"}],"request_id":"1756808513772f93f092d20279254003"}
2025-09-02 13:21:49 | ERROR | utils.scheduler:_send_single_response:379 | ❌ Ошибка отправки отклика: Ошибка API: 403 - {"description":"Must process test first","errors":[{"value":"test_required","type":"negotiations"}],"request_id":"1756808513772f93f092d20279254003"}
2025-09-02 13:21:49 | ERROR | utils.scheduler:_send_responses:271 | Не удалось отправить отклик на вакансию 122459875
2025-09-02 13:21:49 | ERROR | hh_api.client:send_response_to_vacancy:301 | Ошибка отправки отклика на вакансию 120403853: Ошибка API: 403 - {"description":"Must process test first","errors":[{"value":"test_required","type":"negotiations"}],"request_id":"17568085139003ada867c13342b2b008"}
2025-09-02 13:21:49 | ERROR | utils.scheduler:_send_single_response:379 | ❌ Ошибка отправки отклика: Ошибка API: 403 - {"description":"Must process test first","errors":[{"value":"test_required","type":"negotiations"}],"request_id":"17568085139003ada867c13342b2b008"}
2025-09-02 13:21:49 | ERROR | utils.scheduler:_send_responses:271 | Не удалось отправить отклик на вакансию 120403853
2025-09-02 13:21:50 | ERROR | hh_api.client:send_response_to_vacancy:301 | Ошибка отправки отклика на вакансию 124118139: Ошибка API: 403 - {"description":"Must process test first","errors":[{"value":"test_required","type":"negotiations"}],"request_id":"17568085140046db1d49b94d1bc8a008"}
2025-09-02 13:21:50 | ERROR | utils.scheduler:_send_single_response:379 | ❌ Ошибка отправки отклика: Ошибка API: 403 - {"description":"Must process test first","errors":[{"value":"test_required","type":"negotiations"}],"request_id":"17568085140046db1d49b94d1bc8a008"}
2025-09-02 13:21:50 | ERROR | utils.scheduler:_send_responses:271 | Не удалось отправить отклик на вакансию 124118139
2025-09-02 13:21:50 | ERROR | hh_api.client:send_response_to_vacancy:301 | Ошибка отправки отклика на вакансию 73726156: Ошибка API: 403 - {"description":"Must process test first","errors":[{"value":"test_required","type":"negotiations"}],"request_id":"175680851411791f6cfdce9e8a793004"}
2025-09-02 13:21:50 | ERROR | utils.scheduler:_send_single_response:379 | ❌ Ошибка отправки отклика: Ошибка API: 403 - {"description":"Must process test first","errors":[{"value":"test_required","type":"negotiations"}],"request_id":"175680851411791f6cfdce9e8a793004"}
2025-09-02 13:21:50 | ERROR | utils.scheduler:_send_responses:271 | Не удалось отправить отклик на вакансию 73726156
2025-09-02 13:21:50 | ERROR | hh_api.client:send_response_to_vacancy:301 | Ошибка отправки отклика на вакансию 123668205: Ошибка API: 403 - {"description":"Must process test first","errors":[{"value":"test_required","type":"negotiations"}],"request_id":"175680851422726184506f37052a3008"}
2025-09-02 13:21:50 | ERROR | utils.scheduler:_send_single_response:379 | ❌ Ошибка отправки отклика: Ошибка API: 403 - {"description":"Must process test first","errors":[{"value":"test_required","type":"negotiations"}],"request_id":"175680851422726184506f37052a3008"}
2025-09-02 13:21:50 | ERROR | utils.scheduler:_send_responses:271 | Не удалось отправить отклик на вакансию 123668205
2025-09-02 13:22:51 | ERROR | hh_api.client:send_response_to_vacancy:301 | Ошибка отправки отклика на вакансию 122459875: Ошибка API: 403 - {"description":"Must process test first","errors":[{"value":"test_required","type":"negotiations"}],"request_id":"17568085749374b36905ae7489315011"}
2025-09-02 13:22:51 | ERROR | utils.scheduler:_send_single_response:379 | ❌ Ошибка отправки отклика: Ошибка API: 403 - {"description":"Must process test first","errors":[{"value":"test_required","type":"negotiations"}],"request_id":"17568085749374b36905ae7489315011"}
2025-09-02 13:22:51 | ERROR | utils.scheduler:_send_responses:271 | Не удалось отправить отклик на вакансию 122459875
2025-09-02 13:22:51 | ERROR | hh_api.client:send_response_to_vacancy:301 | Ошибка отправки отклика на вакансию 120403853: Ошибка API: 403 - {"description":"Must process test first","errors":[{"value":"test_required","type":"negotiations"}],"request_id":"17568085750985b7bd6aef5942aaf003"}
2025-09-02 13:22:51 | ERROR | utils.scheduler:_send_single_response:379 | ❌ Ошибка отправки отклика: Ошибка API: 403 - {"description":"Must process test first","errors":[{"value":"test_required","type":"negotiations"}],"request_id":"17568085750985b7bd6aef5942aaf003"}
2025-09-02 13:22:51 | ERROR | utils.scheduler:_send_responses:271 | Не удалось отправить отклик на вакансию 120403853
2025-09-02 13:22:51 | ERROR | hh_api.client:send_response_to_vacancy:301 | Ошибка отправки отклика на вакансию 124118139: Ошибка API: 403 - {"description":"Must process test first","errors":[{"value":"test_required","type":"negotiations"}],"request_id":"1756808575228bbf19cf4cfc01b10011"}
2025-09-02 13:22:51 | ERROR | utils.scheduler:_send_single_response:379 | ❌ Ошибка отправки отклика: Ошибка API: 403 - {"description":"Must process test first","errors":[{"value":"test_required","type":"negotiations"}],"request_id":"1756808575228bbf19cf4cfc01b10011"}
2025-09-02 13:22:51 | ERROR | utils.scheduler:_send_responses:271 | Не удалось отправить отклик на вакансию 124118139
2025-09-02 13:22:51 | ERROR | hh_api.client:send_response_to_vacancy:301 | Ошибка отправки отклика на вакансию 73726156: Ошибка API: 403 - {"description":"Must process test first","errors":[{"value":"test_required","type":"negotiations"}],"request_id":"17568085754154e3755a2b3065007006"}
2025-09-02 13:22:51 | ERROR | utils.scheduler:_send_single_response:379 | ❌ Ошибка отправки отклика: Ошибка API: 403 - {"description":"Must process test first","errors":[{"value":"test_required","type":"negotiations"}],"request_id":"17568085754154e3755a2b3065007006"}
2025-09-02 13:22:51 | ERROR | utils.scheduler:_send_responses:271 | Не удалось отправить отклик на вакансию 73726156
2025-09-02 13:22:51 | ERROR | hh_api.client:send_response_to_vacancy:301 | Ошибка отправки отклика на вакансию 123668205: Ошибка API: 403 - {"description":"Must process test first","errors":[{"value":"test_required","type":"negotiations"}],"request_id":"1756808575493f89f6c58674af208006"}
2025-09-02 13:22:51 | ERROR | utils.scheduler:_send_single_response:379 | ❌ Ошибка отправки отклика: Ошибка API: 403 - {"description":"Must process test first","errors":[{"value":"test_required","type":"negotiations"}],"request_id":"1756808575493f89f6c58674af208006"}
2025-09-02 13:22:51 | ERROR | utils.scheduler:_send_responses:271 | Не удалось отправить отклик на вакансию 123668205
2025-09-02 13:23:37 | ERROR | hh_api.client:send_response_to_vacancy:301 | Ошибка отправки отклика на вакансию 122459875: Ошибка API: 403 - {"description":"Must process test first","errors":[{"value":"test_required","type":"negotiations"}],"request_id":"175680862167804b7ee47f5bb00e1010"}
2025-09-02 13:23:37 | ERROR | utils.scheduler:_send_single_response:379 | ❌ Ошибка отправки отклика: Ошибка API: 403 - {"description":"Must process test first","errors":[{"value":"test_required","type":"negotiations"}],"request_id":"175680862167804b7ee47f5bb00e1010"}
2025-09-02 13:23:37 | ERROR | utils.scheduler:_send_responses:271 | Не удалось отправить отклик на вакансию 122459875
2025-09-02 13:23:37 | ERROR | hh_api.client:send_response_to_vacancy:301 | Ошибка отправки отклика на вакансию 120403853: Ошибка API: 403 - {"description":"Must process test first","errors":[{"value":"test_required","type":"negotiations"}],"request_id":"1756808621830bd2287a03bae0d9e012"}
2025-09-02 13:23:37 | ERROR | utils.scheduler:_send_single_response:379 | ❌ Ошибка отправки отклика: Ошибка API: 403 - {"description":"Must process test first","errors":[{"value":"test_required","type":"negotiations"}],"request_id":"1756808621830bd2287a03bae0d9e012"}
2025-09-02 13:23:37 | ERROR | utils.scheduler:_send_responses:271 | Не удалось отправить отклик на вакансию 120403853
2025-09-02 13:23:38 | ERROR | hh_api.client:send_response_to_vacancy:301 | Ошибка отправки отклика на вакансию 124118139: Ошибка API: 403 - {"description":"Must process test first","errors":[{"value":"test_required","type":"negotiations"}],"request_id":"17568086219899f89f264651cc961002"}
2025-09-02 13:23:38 | ERROR | utils.scheduler:_send_single_response:379 | ❌ Ошибка отправки отклика: Ошибка API: 403 - {"description":"Must process test first","errors":[{"value":"test_required","type":"negotiations"}],"request_id":"17568086219899f89f264651cc961002"}
2025-09-02 13:23:38 | ERROR | utils.scheduler:_send_responses:271 | Не удалось отправить отклик на вакансию 124118139
2025-09-02 13:23:38 | ERROR | hh_api.client:send_response_to_vacancy:301 | Ошибка отправки отклика на вакансию 73726156: Ошибка API: 403 - {"description":"Must process test first","errors":[{"value":"test_required","type":"negotiations"}],"request_id":"17568086221224a4f454ef6586b35002"}
2025-09-02 13:23:38 | ERROR | utils.scheduler:_send_single_response:379 | ❌ Ошибка отправки отклика: Ошибка API: 403 - {"description":"Must process test first","errors":[{"value":"test_required","type":"negotiations"}],"request_id":"17568086221224a4f454ef6586b35002"}
2025-09-02 13:23:38 | ERROR | utils.scheduler:_send_responses:271 | Не удалось отправить отклик на вакансию 73726156
2025-09-02 13:23:38 | ERROR | hh_api.client:send_response_to_vacancy:301 | Ошибка отправки отклика на вакансию 123668205: Ошибка API: 403 - {"description":"Must process test first","errors":[{"value":"test_required","type":"negotiations"}],"request_id":"1756808622285f362f4d2d1261c58002"}
2025-09-02 13:23:38 | ERROR | utils.scheduler:_send_single_response:379 | ❌ Ошибка отправки отклика: Ошибка API: 403 - {"description":"Must process test first","errors":[{"value":"test_required","type":"negotiations"}],"request_id":"1756808622285f362f4d2d1261c58002"}
2025-09-02 13:23:38 | ERROR | utils.scheduler:_send_responses:271 | Не удалось отправить отклик на вакансию 123668205
2025-09-02 13:24:39 | ERROR | hh_api.client:send_response_to_vacancy:301 | Ошибка отправки отклика на вакансию 122459875: Ошибка API: 403 - {"description":"Must process test first","errors":[{"value":"test_required","type":"negotiations"}],"request_id":"17568086832042bdffccc1d896a14003"}
2025-09-02 13:24:39 | ERROR | utils.scheduler:_send_single_response:379 | ❌ Ошибка отправки отклика: Ошибка API: 403 - {"description":"Must process test first","errors":[{"value":"test_required","type":"negotiations"}],"request_id":"17568086832042bdffccc1d896a14003"}
2025-09-02 13:24:39 | ERROR | utils.scheduler:_send_responses:271 | Не удалось отправить отклик на вакансию 122459875
2025-09-02 13:24:39 | ERROR | hh_api.client:send_response_to_vacancy:301 | Ошибка отправки отклика на вакансию 120403853: Ошибка API: 403 - {"description":"Must process test first","errors":[{"value":"test_required","type":"negotiations"}],"request_id":"175680868353846921b251d9a85c8009"}
2025-09-02 13:24:39 | ERROR | utils.scheduler:_send_single_response:379 | ❌ Ошибка отправки отклика: Ошибка API: 403 - {"description":"Must process test first","errors":[{"value":"test_required","type":"negotiations"}],"request_id":"175680868353846921b251d9a85c8009"}
2025-09-02 13:24:39 | ERROR | utils.scheduler:_send_responses:271 | Не удалось отправить отклик на вакансию 120403853
2025-09-02 13:24:39 | ERROR | hh_api.client:send_response_to_vacancy:301 | Ошибка отправки отклика на вакансию 124118139: Ошибка API: 403 - {"description":"Must process test first","errors":[{"value":"test_required","type":"negotiations"}],"request_id":"1756808683638c4df0ba7a9ab7b04010"}
2025-09-02 13:24:39 | ERROR | utils.scheduler:_send_single_response:379 | ❌ Ошибка отправки отклика: Ошибка API: 403 - {"description":"Must process test first","errors":[{"value":"test_required","type":"negotiations"}],"request_id":"1756808683638c4df0ba7a9ab7b04010"}
2025-09-02 13:24:39 | ERROR | utils.scheduler:_send_responses:271 | Не удалось отправить отклик на вакансию 124118139
2025-09-02 13:24:39 | ERROR | hh_api.client:send_response_to_vacancy:301 | Ошибка отправки отклика на вакансию 73726156: Ошибка API: 403 - {"description":"Must process test first","errors":[{"value":"test_required","type":"negotiations"}],"request_id":"1756808683764b2a3c88102457779010"}
2025-09-02 13:24:39 | ERROR | utils.scheduler:_send_single_response:379 | ❌ Ошибка отправки отклика: Ошибка API: 403 - {"description":"Must process test first","errors":[{"value":"test_required","type":"negotiations"}],"request_id":"1756808683764b2a3c88102457779010"}
2025-09-02 13:24:39 | ERROR | utils.scheduler:_send_responses:271 | Не удалось отправить отклик на вакансию 73726156
2025-09-02 13:24:39 | ERROR | hh_api.client:send_response_to_vacancy:301 | Ошибка отправки отклика на вакансию 123668205: Ошибка API: 403 - {"description":"Must process test first","errors":[{"value":"test_required","type":"negotiations"}],"request_id":"1756808683896e55fda03908e3b9a010"}
2025-09-02 13:24:39 | ERROR | utils.scheduler:_send_single_response:379 | ❌ Ошибка отправки отклика: Ошибка API: 403 - {"description":"Must process test first","errors":[{"value":"test_required","type":"negotiations"}],"request_id":"1756808683896e55fda03908e3b9a010"}
2025-09-02 13:24:39 | ERROR | utils.scheduler:_send_responses:271 | Не удалось отправить отклик на вакансию 123668205
2025-09-02 13:25:40 | ERROR | hh_api.client:send_response_to_vacancy:301 | Ошибка отправки отклика на вакансию 122459875: Ошибка API: 403 - {"description":"Must process test first","errors":[{"value":"test_required","type":"negotiations"}],"request_id":"1756808744674f1c27971921a4125007"}
2025-09-02 13:25:40 | ERROR | utils.scheduler:_send_single_response:379 | ❌ Ошибка отправки отклика: Ошибка API: 403 - {"description":"Must process test first","errors":[{"value":"test_required","type":"negotiations"}],"request_id":"1756808744674f1c27971921a4125007"}
2025-09-02 13:25:40 | ERROR | utils.scheduler:_send_responses:271 | Не удалось отправить отклик на вакансию 122459875
2025-09-02 13:25:40 | ERROR | hh_api.client:send_response_to_vacancy:301 | Ошибка отправки отклика на вакансию 120403853: Ошибка API: 403 - {"description":"Must process test first","errors":[{"value":"test_required","type":"negotiations"}],"request_id":"175680874485741733bf7b1b79bdc006"}
2025-09-02 13:25:40 | ERROR | utils.scheduler:_send_single_response:379 | ❌ Ошибка отправки отклика: Ошибка API: 403 - {"description":"Must process test first","errors":[{"value":"test_required","type":"negotiations"}],"request_id":"175680874485741733bf7b1b79bdc006"}
2025-09-02 13:25:40 | ERROR | utils.scheduler:_send_responses:271 | Не удалось отправить отклик на вакансию 120403853
2025-09-02 13:25:40 | ERROR | hh_api.client:send_response_to_vacancy:301 | Ошибка отправки отклика на вакансию 124118139: Ошибка API: 403 - {"description":"Must process test first","errors":[{"value":"test_required","type":"negotiations"}],"request_id":"175680874496547ff4c215ae5d758007"}
2025-09-02 13:25:40 | ERROR | utils.scheduler:_send_single_response:379 | ❌ Ошибка отправки отклика: Ошибка API: 403 - {"description":"Must process test first","errors":[{"value":"test_required","type":"negotiations"}],"request_id":"175680874496547ff4c215ae5d758007"}
2025-09-02 13:25:40 | ERROR | utils.scheduler:_send_responses:271 | Не удалось отправить отклик на вакансию 124118139
2025-09-02 13:25:41 | ERROR | hh_api.client:send_response_to_vacancy:301 | Ошибка отправки отклика на вакансию 73726156: Ошибка API: 403 - {"description":"Must process test first","errors":[{"value":"test_required","type":"negotiations"}],"request_id":"17568087450571919c1f4b6a60e8a012"}
2025-09-02 13:25:41 | ERROR | utils.scheduler:_send_single_response:379 | ❌ Ошибка отправки отклика: Ошибка API: 403 - {"description":"Must process test first","errors":[{"value":"test_required","type":"negotiations"}],"request_id":"17568087450571919c1f4b6a60e8a012"}
2025-09-02 13:25:41 | ERROR | utils.scheduler:_send_responses:271 | Не удалось отправить отклик на вакансию 73726156
2025-09-02 13:25:41 | ERROR | hh_api.client:send_response_to_vacancy:301 | Ошибка отправки отклика на вакансию 123668205: Ошибка API: 403 - {"description":"Must process test first","errors":[{"value":"test_required","type":"negotiations"}],"request_id":"17568087451725e02696c2a517f1f004"}
2025-09-02 13:25:41 | ERROR | utils.scheduler:_send_single_response:379 | ❌ Ошибка отправки отклика: Ошибка API: 403 - {"description":"Must process test first","errors":[{"value":"test_required","type":"negotiations"}],"request_id":"17568087451725e02696c2a517f1f004"}
2025-09-02 13:25:41 | ERROR | utils.scheduler:_send_responses:271 | Не удалось отправить отклик на вакансию 123668205
2025-09-02 13:26:19 | ERROR | hh_api.client:send_response_to_vacancy:301 | Ошибка отправки отклика на вакансию 122459875: Ошибка API: 403 - {"description":"Must process test first","errors":[{"value":"test_required","type":"negotiations"}],"request_id":"175680878377479d7cbe8c98f20ea007"}
2025-09-02 13:26:19 | ERROR | utils.scheduler:_send_single_response:379 | ❌ Ошибка отправки отклика: Ошибка API: 403 - {"description":"Must process test first","errors":[{"value":"test_required","type":"negotiations"}],"request_id":"175680878377479d7cbe8c98f20ea007"}
2025-09-02 13:26:19 | ERROR | utils.scheduler:_send_responses:271 | Не удалось отправить отклик на вакансию 122459875
2025-09-02 13:26:19 | ERROR | hh_api.client:send_response_to_vacancy:301 | Ошибка отправки отклика на вакансию 120403853: Ошибка API: 403 - {"description":"Must process test first","errors":[{"value":"test_required","type":"negotiations"}],"request_id":"1756808783877d0380ad211626798007"}
2025-09-02 13:26:19 | ERROR | utils.scheduler:_send_single_response:379 | ❌ Ошибка отправки отклика: Ошибка API: 403 - {"description":"Must process test first","errors":[{"value":"test_required","type":"negotiations"}],"request_id":"1756808783877d0380ad211626798007"}
2025-09-02 13:26:19 | ERROR | utils.scheduler:_send_responses:271 | Не удалось отправить отклик на вакансию 120403853
2025-09-02 13:26:20 | ERROR | hh_api.client:send_response_to_vacancy:301 | Ошибка отправки отклика на вакансию 124118139: Ошибка API: 403 - {"description":"Must process test first","errors":[{"value":"test_required","type":"negotiations"}],"request_id":"1756808784025605a60f75177e3e0011"}
2025-09-02 13:26:20 | ERROR | utils.scheduler:_send_single_response:379 | ❌ Ошибка отправки отклика: Ошибка API: 403 - {"description":"Must process test first","errors":[{"value":"test_required","type":"negotiations"}],"request_id":"1756808784025605a60f75177e3e0011"}
2025-09-02 13:26:20 | ERROR | utils.scheduler:_send_responses:271 | Не удалось отправить отклик на вакансию 124118139
2025-09-02 13:26:20 | ERROR | hh_api.client:send_response_to_vacancy:301 | Ошибка отправки отклика на вакансию 73726156: Ошибка API: 403 - {"description":"Must process test first","errors":[{"value":"test_required","type":"negotiations"}],"request_id":"17568087841199dcd521578569f77011"}
2025-09-02 13:26:20 | ERROR | utils.scheduler:_send_single_response:379 | ❌ Ошибка отправки отклика: Ошибка API: 403 - {"description":"Must process test first","errors":[{"value":"test_required","type":"negotiations"}],"request_id":"17568087841199dcd521578569f77011"}
2025-09-02 13:26:20 | ERROR | utils.scheduler:_send_responses:271 | Не удалось отправить отклик на вакансию 73726156
2025-09-02 13:26:20 | ERROR | hh_api.client:send_response_to_vacancy:301 | Ошибка отправки отклика на вакансию 123668205: Ошибка API: 403 - {"description":"Must process test first","errors":[{"value":"test_required","type":"negotiations"}],"request_id":"1756808784206021a2d9ab9465b8e005"}
2025-09-02 13:26:20 | ERROR | utils.scheduler:_send_single_response:379 | ❌ Ошибка отправки отклика: Ошибка API: 403 - {"description":"Must process test first","errors":[{"value":"test_required","type":"negotiations"}],"request_id":"1756808784206021a2d9ab9465b8e005"}
2025-09-02 13:26:20 | ERROR | utils.scheduler:_send_responses:271 | Не удалось отправить отклик на вакансию 123668205
2025-09-02 13:26:42 | ERROR | hh_api.client:send_response_to_vacancy:301 | Ошибка отправки отклика на вакансию 122459875: Ошибка API: 403 - {"description":"Must process test first","errors":[{"value":"test_required","type":"negotiations"}],"request_id":"17568088060255875470c76696957011"}
2025-09-02 13:26:42 | ERROR | utils.scheduler:_send_single_response:379 | ❌ Ошибка отправки отклика: Ошибка API: 403 - {"description":"Must process test first","errors":[{"value":"test_required","type":"negotiations"}],"request_id":"17568088060255875470c76696957011"}
2025-09-02 13:26:42 | ERROR | utils.scheduler:_send_responses:271 | Не удалось отправить отклик на вакансию 122459875
2025-09-02 13:26:42 | ERROR | hh_api.client:send_response_to_vacancy:301 | Ошибка отправки отклика на вакансию 120403853: Ошибка API: 403 - {"description":"Must process test first","errors":[{"value":"test_required","type":"negotiations"}],"request_id":"175680880613957d6853b3e7a3135008"}
2025-09-02 13:26:42 | ERROR | utils.scheduler:_send_single_response:379 | ❌ Ошибка отправки отклика: Ошибка API: 403 - {"description":"Must process test first","errors":[{"value":"test_required","type":"negotiations"}],"request_id":"175680880613957d6853b3e7a3135008"}
2025-09-02 13:26:42 | ERROR | utils.scheduler:_send_responses:271 | Не удалось отправить отклик на вакансию 120403853
2025-09-02 13:26:42 | ERROR | hh_api.client:send_response_to_vacancy:301 | Ошибка отправки отклика на вакансию 124118139: Ошибка API: 403 - {"description":"Must process test first","errors":[{"value":"test_required","type":"negotiations"}],"request_id":"1756808806215230ed0f8fd78bfc1011"}
2025-09-02 13:26:42 | ERROR | utils.scheduler:_send_single_response:379 | ❌ Ошибка отправки отклика: Ошибка API: 403 - {"description":"Must process test first","errors":[{"value":"test_required","type":"negotiations"}],"request_id":"1756808806215230ed0f8fd78bfc1011"}
2025-09-02 13:26:42 | ERROR | utils.scheduler:_send_responses:271 | Не удалось отправить отклик на вакансию 124118139
2025-09-02 13:26:42 | ERROR | hh_api.client:send_response_to_vacancy:301 | Ошибка отправки отклика на вакансию 73726156: Ошибка API: 403 - {"description":"Must process test first","errors":[{"value":"test_required","type":"negotiations"}],"request_id":"1756808806346b1261767d9c6c3c9007"}
2025-09-02 13:26:42 | ERROR | utils.scheduler:_send_single_response:379 | ❌ Ошибка отправки отклика: Ошибка API: 403 - {"description":"Must process test first","errors":[{"value":"test_required","type":"negotiations"}],"request_id":"1756808806346b1261767d9c6c3c9007"}
2025-09-02 13:26:42 | ERROR | utils.scheduler:_send_responses:271 | Не удалось отправить отклик на вакансию 73726156
2025-09-02 13:26:42 | ERROR | hh_api.client:send_response_to_vacancy:301 | Ошибка отправки отклика на вакансию 123668205: Ошибка API: 403 - {"description":"Must process test first","errors":[{"value":"test_required","type":"negotiations"}],"request_id":"175680880644475dbc3050bd0b6f7007"}
2025-09-02 13:26:42 | ERROR | utils.scheduler:_send_single_response:379 | ❌ Ошибка отправки отклика: Ошибка API: 403 - {"description":"Must process test first","errors":[{"value":"test_required","type":"negotiations"}],"request_id":"175680880644475dbc3050bd0b6f7007"}
2025-09-02 13:26:42 | ERROR | utils.scheduler:_send_responses:271 | Не удалось отправить отклик на вакансию 123668205
2025-09-02 13:27:43 | ERROR | hh_api.client:send_response_to_vacancy:301 | Ошибка отправки отклика на вакансию 122459875: Ошибка API: 403 - {"description":"Must process test first","errors":[{"value":"test_required","type":"negotiations"}],"request_id":"1756808867300763e56ba3aaf72be007"}
2025-09-02 13:27:43 | ERROR | utils.scheduler:_send_single_response:379 | ❌ Ошибка отправки отклика: Ошибка API: 403 - {"description":"Must process test first","errors":[{"value":"test_required","type":"negotiations"}],"request_id":"1756808867300763e56ba3aaf72be007"}
2025-09-02 13:27:43 | ERROR | utils.scheduler:_send_responses:271 | Не удалось отправить отклик на вакансию 122459875
2025-09-02 13:27:43 | ERROR | hh_api.client:send_response_to_vacancy:301 | Ошибка отправки отклика на вакансию 120403853: Ошибка API: 403 - {"description":"Must process test first","errors":[{"value":"test_required","type":"negotiations"}],"request_id":"1756808867438ead87edf8a45e974011"}
2025-09-02 13:27:43 | ERROR | utils.scheduler:_send_single_response:379 | ❌ Ошибка отправки отклика: Ошибка API: 403 - {"description":"Must process test first","errors":[{"value":"test_required","type":"negotiations"}],"request_id":"1756808867438ead87edf8a45e974011"}
2025-09-02 13:27:43 | ERROR | utils.scheduler:_send_responses:271 | Не удалось отправить отклик на вакансию 120403853
2025-09-02 13:27:43 | ERROR | hh_api.client:send_response_to_vacancy:301 | Ошибка отправки отклика на вакансию 124118139: Ошибка API: 403 - {"description":"Must process test first","errors":[{"value":"test_required","type":"negotiations"}],"request_id":"1756808867577abd50dd39081ab4c008"}
2025-09-02 13:27:43 | ERROR | utils.scheduler:_send_single_response:379 | ❌ Ошибка отправки отклика: Ошибка API: 403 - {"description":"Must process test first","errors":[{"value":"test_required","type":"negotiations"}],"request_id":"1756808867577abd50dd39081ab4c008"}
2025-09-02 13:27:43 | ERROR | utils.scheduler:_send_responses:271 | Не удалось отправить отклик на вакансию 124118139
2025-09-02 13:27:43 | ERROR | hh_api.client:send_response_to_vacancy:301 | Ошибка отправки отклика на вакансию 73726156: Ошибка API: 403 - {"description":"Must process test first","errors":[{"value":"test_required","type":"negotiations"}],"request_id":"1756808867722dcb2842a331dd790008"}
2025-09-02 13:27:43 | ERROR | utils.scheduler:_send_single_response:379 | ❌ Ошибка отправки отклика: Ошибка API: 403 - {"description":"Must process test first","errors":[{"value":"test_required","type":"negotiations"}],"request_id":"1756808867722dcb2842a331dd790008"}
2025-09-02 13:27:43 | ERROR | utils.scheduler:_send_responses:271 | Не удалось отправить отклик на вакансию 73726156
2025-09-02 13:27:43 | ERROR | hh_api.client:send_response_to_vacancy:301 | Ошибка отправки отклика на вакансию 123668205: Ошибка API: 403 - {"description":"Must process test first","errors":[{"value":"test_required","type":"negotiations"}],"request_id":"1756808867803902f4bdb97dba331008"}
2025-09-02 13:27:44 | ERROR | utils.scheduler:_send_single_response:379 | ❌ Ошибка отправки отклика: Ошибка API: 403 - {"description":"Must process test first","errors":[{"value":"test_required","type":"negotiations"}],"request_id":"1756808867803902f4bdb97dba331008"}
2025-09-02 13:27:44 | ERROR | utils.scheduler:_send_responses:271 | Не удалось отправить отклик на вакансию 123668205
2025-09-02 13:28:44 | ERROR | hh_api.client:send_response_to_vacancy:301 | Ошибка отправки отклика на вакансию 122459875: Ошибка API: 403 - {"description":"Must process test first","errors":[{"value":"test_required","type":"negotiations"}],"request_id":"1756808928676a47996307b2e3c68009"}
2025-09-02 13:28:44 | ERROR | utils.scheduler:_send_single_response:379 | ❌ Ошибка отправки отклика: Ошибка API: 403 - {"description":"Must process test first","errors":[{"value":"test_required","type":"negotiations"}],"request_id":"1756808928676a47996307b2e3c68009"}
2025-09-02 13:28:44 | ERROR | utils.scheduler:_send_responses:271 | Не удалось отправить отклик на вакансию 122459875
2025-09-02 13:28:44 | ERROR | hh_api.client:send_response_to_vacancy:301 | Ошибка отправки отклика на вакансию 120403853: Ошибка API: 403 - {"description":"Must process test first","errors":[{"value":"test_required","type":"negotiations"}],"request_id":"1756808928824d1ee5e4f64b8e8c8010"}
2025-09-02 13:28:44 | ERROR | utils.scheduler:_send_single_response:379 | ❌ Ошибка отправки отклика: Ошибка API: 403 - {"description":"Must process test first","errors":[{"value":"test_required","type":"negotiations"}],"request_id":"1756808928824d1ee5e4f64b8e8c8010"}
2025-09-02 13:28:44 | ERROR | utils.scheduler:_send_responses:271 | Не удалось отправить отклик на вакансию 120403853
2025-09-02 13:28:44 | ERROR | hh_api.client:send_response_to_vacancy:301 | Ошибка отправки отклика на вакансию 124118139: Ошибка API: 403 - {"description":"Must process test first","errors":[{"value":"test_required","type":"negotiations"}],"request_id":"1756808928922c3bfbbb3eb30cb4d010"}
2025-09-02 13:28:44 | ERROR | utils.scheduler:_send_single_response:379 | ❌ Ошибка отправки отклика: Ошибка API: 403 - {"description":"Must process test first","errors":[{"value":"test_required","type":"negotiations"}],"request_id":"1756808928922c3bfbbb3eb30cb4d010"}
2025-09-02 13:28:44 | ERROR | utils.scheduler:_send_responses:271 | Не удалось отправить отклик на вакансию 124118139
2025-09-02 13:28:45 | ERROR | hh_api.client:send_response_to_vacancy:301 | Ошибка отправки отклика на вакансию 73726156: Ошибка API: 403 - {"description":"Must process test first","errors":[{"value":"test_required","type":"negotiations"}],"request_id":"17568089290281f3686c8c2b48e86007"}
2025-09-02 13:28:45 | ERROR | utils.scheduler:_send_single_response:379 | ❌ Ошибка отправки отклика: Ошибка API: 403 - {"description":"Must process test first","errors":[{"value":"test_required","type":"negotiations"}],"request_id":"17568089290281f3686c8c2b48e86007"}
2025-09-02 13:28:45 | ERROR | utils.scheduler:_send_responses:271 | Не удалось отправить отклик на вакансию 73726156
2025-09-02 13:28:45 | ERROR | hh_api.client:send_response_to_vacancy:301 | Ошибка отправки отклика на вакансию 123668205: Ошибка API: 403 - {"description":"Must process test first","errors":[{"value":"test_required","type":"negotiations"}],"request_id":"17568089291018e9e9bea20296935010"}
2025-09-02 13:28:45 | ERROR | utils.scheduler:_send_single_response:379 | ❌ Ошибка отправки отклика: Ошибка API: 403 - {"description":"Must process test first","errors":[{"value":"test_required","type":"negotiations"}],"request_id":"17568089291018e9e9bea20296935010"}
2025-09-02 13:28:45 | ERROR | utils.scheduler:_send_responses:271 | Не удалось отправить отклик на вакансию 123668205
2025-09-02 13:29:45 | ERROR | hh_api.client:send_response_to_vacancy:301 | Ошибка отправки отклика на вакансию 122459875: Ошибка API: 403 - {"description":"Must process test first","errors":[{"value":"test_required","type":"negotiations"}],"request_id":"1756808989952d57112df77efa648012"}
2025-09-02 13:29:45 | ERROR | utils.scheduler:_send_single_response:379 | ❌ Ошибка отправки отклика: Ошибка API: 403 - {"description":"Must process test first","errors":[{"value":"test_required","type":"negotiations"}],"request_id":"1756808989952d57112df77efa648012"}
2025-09-02 13:29:45 | ERROR | utils.scheduler:_send_responses:271 | Не удалось отправить отклик на вакансию 122459875
2025-09-02 13:29:46 | ERROR | hh_api.client:send_response_to_vacancy:301 | Ошибка отправки отклика на вакансию 120403853: Ошибка API: 403 - {"description":"Must process test first","errors":[{"value":"test_required","type":"negotiations"}],"request_id":"17568089900632cf4804e4ab85444012"}
2025-09-02 13:29:46 | ERROR | utils.scheduler:_send_single_response:379 | ❌ Ошибка отправки отклика: Ошибка API: 403 - {"description":"Must process test first","errors":[{"value":"test_required","type":"negotiations"}],"request_id":"17568089900632cf4804e4ab85444012"}
2025-09-02 13:29:46 | ERROR | utils.scheduler:_send_responses:271 | Не удалось отправить отклик на вакансию 120403853
2025-09-02 13:29:46 | ERROR | hh_api.client:send_response_to_vacancy:301 | Ошибка отправки отклика на вакансию 124118139: Ошибка API: 403 - {"description":"Must process test first","errors":[{"value":"test_required","type":"negotiations"}],"request_id":"1756808990196bb7884a7fc8741a7004"}
2025-09-02 13:29:46 | ERROR | utils.scheduler:_send_single_response:379 | ❌ Ошибка отправки отклика: Ошибка API: 403 - {"description":"Must process test first","errors":[{"value":"test_required","type":"negotiations"}],"request_id":"1756808990196bb7884a7fc8741a7004"}
2025-09-02 13:29:46 | ERROR | utils.scheduler:_send_responses:271 | Не удалось отправить отклик на вакансию 124118139
2025-09-02 13:29:46 | ERROR | hh_api.client:send_response_to_vacancy:301 | Ошибка отправки отклика на вакансию 73726156: Ошибка API: 403 - {"description":"Must process test first","errors":[{"value":"test_required","type":"negotiations"}],"request_id":"175680899035772967c78fbe7709c004"}
2025-09-02 13:29:46 | ERROR | utils.scheduler:_send_single_response:379 | ❌ Ошибка отправки отклика: Ошибка API: 403 - {"description":"Must process test first","errors":[{"value":"test_required","type":"negotiations"}],"request_id":"175680899035772967c78fbe7709c004"}
2025-09-02 13:29:46 | ERROR | utils.scheduler:_send_responses:271 | Не удалось отправить отклик на вакансию 73726156
2025-09-02 13:29:46 | ERROR | hh_api.client:send_response_to_vacancy:301 | Ошибка отправки отклика на вакансию 123668205: Ошибка API: 403 - {"description":"Must process test first","errors":[{"value":"test_required","type":"negotiations"}],"request_id":"17568089905431580ede396e0e7a7005"}
2025-09-02 13:29:46 | ERROR | utils.scheduler:_send_single_response:379 | ❌ Ошибка отправки отклика: Ошибка API: 403 - {"description":"Must process test first","errors":[{"value":"test_required","type":"negotiations"}],"request_id":"17568089905431580ede396e0e7a7005"}
2025-09-02 13:29:46 | ERROR | utils.scheduler:_send_responses:271 | Не удалось отправить отклик на вакансию 123668205
2025-09-02 13:30:47 | ERROR | hh_api.client:send_response_to_vacancy:301 | Ошибка отправки отклика на вакансию 122459875: Ошибка API: 403 - {"description":"Must process test first","errors":[{"value":"test_required","type":"negotiations"}],"request_id":"1756809051326cf76bf79159740c7004"}
2025-09-02 13:30:47 | ERROR | utils.scheduler:_send_single_response:379 | ❌ Ошибка отправки отклика: Ошибка API: 403 - {"description":"Must process test first","errors":[{"value":"test_required","type":"negotiations"}],"request_id":"1756809051326cf76bf79159740c7004"}
2025-09-02 13:30:47 | ERROR | utils.scheduler:_send_responses:271 | Не удалось отправить отклик на вакансию 122459875
2025-09-02 13:30:47 | ERROR | hh_api.client:send_response_to_vacancy:301 | Ошибка отправки отклика на вакансию 120403853: Ошибка API: 403 - {"description":"Must process test first","errors":[{"value":"test_required","type":"negotiations"}],"request_id":"175680905146304ea5644131e9479004"}
2025-09-02 13:30:47 | ERROR | utils.scheduler:_send_single_response:379 | ❌ Ошибка отправки отклика: Ошибка API: 403 - {"description":"Must process test first","errors":[{"value":"test_required","type":"negotiations"}],"request_id":"175680905146304ea5644131e9479004"}
2025-09-02 13:30:47 | ERROR | utils.scheduler:_send_responses:271 | Не удалось отправить отклик на вакансию 120403853
2025-09-02 13:30:47 | ERROR | hh_api.client:send_response_to_vacancy:301 | Ошибка отправки отклика на вакансию 124118139: Ошибка API: 403 - {"description":"Must process test first","errors":[{"value":"test_required","type":"negotiations"}],"request_id":"1756809051648b7d07caa1af0e1e2004"}
2025-09-02 13:30:47 | ERROR | utils.scheduler:_send_single_response:379 | ❌ Ошибка отправки отклика: Ошибка API: 403 - {"description":"Must process test first","errors":[{"value":"test_required","type":"negotiations"}],"request_id":"1756809051648b7d07caa1af0e1e2004"}
2025-09-02 13:30:47 | ERROR | utils.scheduler:_send_responses:271 | Не удалось отправить отклик на вакансию 124118139
2025-09-02 13:30:47 | ERROR | hh_api.client:send_response_to_vacancy:301 | Ошибка отправки отклика на вакансию 73726156: Ошибка API: 403 - {"description":"Must process test first","errors":[{"value":"test_required","type":"negotiations"}],"request_id":"175680905175437d3285de9ff8c0e004"}
2025-09-02 13:30:47 | ERROR | utils.scheduler:_send_single_response:379 | ❌ Ошибка отправки отклика: Ошибка API: 403 - {"description":"Must process test first","errors":[{"value":"test_required","type":"negotiations"}],"request_id":"175680905175437d3285de9ff8c0e004"}
2025-09-02 13:30:47 | ERROR | utils.scheduler:_send_responses:271 | Не удалось отправить отклик на вакансию 73726156
2025-09-02 13:30:47 | ERROR | hh_api.client:send_response_to_vacancy:301 | Ошибка отправки отклика на вакансию 123668205: Ошибка API: 403 - {"description":"Must process test first","errors":[{"value":"test_required","type":"negotiations"}],"request_id":"175680905191351ec051a4be2aa02004"}
2025-09-02 13:30:47 | ERROR | utils.scheduler:_send_single_response:379 | ❌ Ошибка отправки отклика: Ошибка API: 403 - {"description":"Must process test first","errors":[{"value":"test_required","type":"negotiations"}],"request_id":"175680905191351ec051a4be2aa02004"}
2025-09-02 13:30:47 | ERROR | utils.scheduler:_send_responses:271 | Не удалось отправить отклик на вакансию 123668205
2025-09-02 13:31:19 | ERROR | hh_api.client:send_response_to_vacancy:301 | Ошибка отправки отклика на вакансию 122459875: Ошибка API: 403 - {"description":"Must process test first","errors":[{"value":"test_required","type":"negotiations"}],"request_id":"1756809083625cb7420f8804d52e0006"}
2025-09-02 13:31:19 | ERROR | utils.scheduler:_send_single_response:379 | ❌ Ошибка отправки отклика: Ошибка API: 403 - {"description":"Must process test first","errors":[{"value":"test_required","type":"negotiations"}],"request_id":"1756809083625cb7420f8804d52e0006"}
2025-09-02 13:31:19 | ERROR | utils.scheduler:_send_responses:271 | Не удалось отправить отклик на вакансию 122459875
2025-09-02 13:31:19 | ERROR | hh_api.client:send_response_to_vacancy:301 | Ошибка отправки отклика на вакансию 120403853: Ошибка API: 403 - {"description":"Must process test first","errors":[{"value":"test_required","type":"negotiations"}],"request_id":"1756809083713540a1e89f2b50797010"}
2025-09-02 13:31:19 | ERROR | utils.scheduler:_send_single_response:379 | ❌ Ошибка отправки отклика: Ошибка API: 403 - {"description":"Must process test first","errors":[{"value":"test_required","type":"negotiations"}],"request_id":"1756809083713540a1e89f2b50797010"}
2025-09-02 13:31:19 | ERROR | utils.scheduler:_send_responses:271 | Не удалось отправить отклик на вакансию 120403853
2025-09-02 13:31:19 | ERROR | hh_api.client:send_response_to_vacancy:301 | Ошибка отправки отклика на вакансию 124118139: Ошибка API: 403 - {"description":"Must process test first","errors":[{"value":"test_required","type":"negotiations"}],"request_id":"1756809083841a18aa32c10fa2912003"}
2025-09-02 13:31:19 | ERROR | utils.scheduler:_send_single_response:379 | ❌ Ошибка отправки отклика: Ошибка API: 403 - {"description":"Must process test first","errors":[{"value":"test_required","type":"negotiations"}],"request_id":"1756809083841a18aa32c10fa2912003"}
2025-09-02 13:31:19 | ERROR | utils.scheduler:_send_responses:271 | Не удалось отправить отклик на вакансию 124118139
2025-09-02 13:31:19 | ERROR | hh_api.client:send_response_to_vacancy:301 | Ошибка отправки отклика на вакансию 73726156: Ошибка API: 403 - {"description":"Must process test first","errors":[{"value":"test_required","type":"negotiations"}],"request_id":"17568090839479a01ef0cdad4e86f003"}
2025-09-02 13:31:19 | ERROR | utils.scheduler:_send_single_response:379 | ❌ Ошибка отправки отклика: Ошибка API: 403 - {"description":"Must process test first","errors":[{"value":"test_required","type":"negotiations"}],"request_id":"17568090839479a01ef0cdad4e86f003"}
2025-09-02 13:31:19 | ERROR | utils.scheduler:_send_responses:271 | Не удалось отправить отклик на вакансию 73726156
2025-09-02 13:31:20 | ERROR | hh_api.client:send_response_to_vacancy:301 | Ошибка отправки отклика на вакансию 123668205: Ошибка API: 403 - {"description":"Must process test first","errors":[{"value":"test_required","type":"negotiations"}],"request_id":"175680908406634f8c88e9751724e003"}
2025-09-02 13:31:20 | ERROR | utils.scheduler:_send_single_response:379 | ❌ Ошибка отправки отклика: Ошибка API: 403 - {"description":"Must process test first","errors":[{"value":"test_required","type":"negotiations"}],"request_id":"175680908406634f8c88e9751724e003"}
2025-09-02 13:31:20 | ERROR | utils.scheduler:_send_responses:271 | Не удалось отправить отклик на вакансию 123668205
2025-09-02 13:31:48 | ERROR | hh_api.client:send_response_to_vacancy:301 | Ошибка отправки отклика на вакансию 122459875: Ошибка API: 403 - {"description":"Must process test first","errors":[{"value":"test_required","type":"negotiations"}],"request_id":"1756809112610540c8919fb95cac8005"}
2025-09-02 13:31:48 | ERROR | utils.scheduler:_send_single_response:379 | ❌ Ошибка отправки отклика: Ошибка API: 403 - {"description":"Must process test first","errors":[{"value":"test_required","type":"negotiations"}],"request_id":"1756809112610540c8919fb95cac8005"}
2025-09-02 13:31:48 | ERROR | utils.scheduler:_send_responses:271 | Не удалось отправить отклик на вакансию 122459875
2025-09-02 13:31:48 | ERROR | hh_api.client:send_response_to_vacancy:301 | Ошибка отправки отклика на вакансию 120403853: Ошибка API: 403 - {"description":"Must process test first","errors":[{"value":"test_required","type":"negotiations"}],"request_id":"17568091127343100e1c278fe138c005"}
2025-09-02 13:31:48 | ERROR | utils.scheduler:_send_single_response:379 | ❌ Ошибка отправки отклика: Ошибка API: 403 - {"description":"Must process test first","errors":[{"value":"test_required","type":"negotiations"}],"request_id":"17568091127343100e1c278fe138c005"}
2025-09-02 13:31:48 | ERROR | utils.scheduler:_send_responses:271 | Не удалось отправить отклик на вакансию 120403853
2025-09-02 13:31:48 | ERROR | hh_api.client:send_response_to_vacancy:301 | Ошибка отправки отклика на вакансию 124118139: Ошибка API: 403 - {"description":"Must process test first","errors":[{"value":"test_required","type":"negotiations"}],"request_id":"1756809112839d30f27b41c3c94dd005"}
2025-09-02 13:31:48 | ERROR | utils.scheduler:_send_single_response:379 | ❌ Ошибка отправки отклика: Ошибка API: 403 - {"description":"Must process test first","errors":[{"value":"test_required","type":"negotiations"}],"request_id":"1756809112839d30f27b41c3c94dd005"}
2025-09-02 13:31:48 | ERROR | utils.scheduler:_send_responses:271 | Не удалось отправить отклик на вакансию 124118139
2025-09-02 13:31:48 | ERROR | hh_api.client:send_response_to_vacancy:301 | Ошибка отправки отклика на вакансию 73726156: Ошибка API: 403 - {"description":"Must process test first","errors":[{"value":"test_required","type":"negotiations"}],"request_id":"1756809112937e12da52d60c6ea57005"}
2025-09-02 13:31:48 | ERROR | utils.scheduler:_send_single_response:379 | ❌ Ошибка отправки отклика: Ошибка API: 403 - {"description":"Must process test first","errors":[{"value":"test_required","type":"negotiations"}],"request_id":"1756809112937e12da52d60c6ea57005"}
2025-09-02 13:31:48 | ERROR | utils.scheduler:_send_responses:271 | Не удалось отправить отклик на вакансию 73726156
2025-09-02 13:31:49 | ERROR | hh_api.client:send_response_to_vacancy:301 | Ошибка отправки отклика на вакансию 123668205: Ошибка API: 403 - {"description":"Must process test first","errors":[{"value":"test_required","type":"negotiations"}],"request_id":"17568091130606598b4522f8ad7ba005"}
2025-09-02 13:31:49 | ERROR | utils.scheduler:_send_single_response:379 | ❌ Ошибка отправки отклика: Ошибка API: 403 - {"description":"Must process test first","errors":[{"value":"test_required","type":"negotiations"}],"request_id":"17568091130606598b4522f8ad7ba005"}
2025-09-02 13:31:49 | ERROR | utils.scheduler:_send_responses:271 | Не удалось отправить отклик на вакансию 123668205
2025-09-02 13:32:49 | ERROR | hh_api.client:send_response_to_vacancy:301 | Ошибка отправки отклика на вакансию 122459875: Ошибка API: 403 - {"description":"Must process test first","errors":[{"value":"test_required","type":"negotiations"}],"request_id":"1756809173788ae0e0d9c07bff19b007"}
2025-09-02 13:32:49 | ERROR | utils.scheduler:_send_single_response:379 | ❌ Ошибка отправки отклика: Ошибка API: 403 - {"description":"Must process test first","errors":[{"value":"test_required","type":"negotiations"}],"request_id":"1756809173788ae0e0d9c07bff19b007"}
2025-09-02 13:32:49 | ERROR | utils.scheduler:_send_responses:271 | Не удалось отправить отклик на вакансию 122459875
2025-09-02 13:32:49 | ERROR | hh_api.client:send_response_to_vacancy:301 | Ошибка отправки отклика на вакансию 120403853: Ошибка API: 403 - {"description":"Must process test first","errors":[{"value":"test_required","type":"negotiations"}],"request_id":"1756809173903d8b87b1dea378966010"}
2025-09-02 13:32:49 | ERROR | utils.scheduler:_send_single_response:379 | ❌ Ошибка отправки отклика: Ошибка API: 403 - {"description":"Must process test first","errors":[{"value":"test_required","type":"negotiations"}],"request_id":"1756809173903d8b87b1dea378966010"}
2025-09-02 13:32:49 | ERROR | utils.scheduler:_send_responses:271 | Не удалось отправить отклик на вакансию 120403853
2025-09-02 13:32:50 | ERROR | hh_api.client:send_response_to_vacancy:301 | Ошибка отправки отклика на вакансию 124118139: Ошибка API: 403 - {"description":"Must process test first","errors":[{"value":"test_required","type":"negotiations"}],"request_id":"17568091740182581bbf5db3eeb8b010"}
2025-09-02 13:32:50 | ERROR | utils.scheduler:_send_single_response:379 | ❌ Ошибка отправки отклика: Ошибка API: 403 - {"description":"Must process test first","errors":[{"value":"test_required","type":"negotiations"}],"request_id":"17568091740182581bbf5db3eeb8b010"}
2025-09-02 13:32:50 | ERROR | utils.scheduler:_send_responses:271 | Не удалось отправить отклик на вакансию 124118139
2025-09-02 13:32:50 | ERROR | hh_api.client:send_response_to_vacancy:301 | Ошибка отправки отклика на вакансию 73726156: Ошибка API: 403 - {"description":"Must process test first","errors":[{"value":"test_required","type":"negotiations"}],"request_id":"1756809174114d922a94096115f27011"}
2025-09-02 13:32:50 | ERROR | utils.scheduler:_send_single_response:379 | ❌ Ошибка отправки отклика: Ошибка API: 403 - {"description":"Must process test first","errors":[{"value":"test_required","type":"negotiations"}],"request_id":"1756809174114d922a94096115f27011"}
2025-09-02 13:32:50 | ERROR | utils.scheduler:_send_responses:271 | Не удалось отправить отклик на вакансию 73726156
2025-09-02 13:32:50 | ERROR | hh_api.client:send_response_to_vacancy:301 | Ошибка отправки отклика на вакансию 123668205: Ошибка API: 403 - {"description":"Must process test first","errors":[{"value":"test_required","type":"negotiations"}],"request_id":"17568091742501da040db0f833a0d011"}
2025-09-02 13:32:50 | ERROR | utils.scheduler:_send_single_response:379 | ❌ Ошибка отправки отклика: Ошибка API: 403 - {"description":"Must process test first","errors":[{"value":"test_required","type":"negotiations"}],"request_id":"17568091742501da040db0f833a0d011"}
2025-09-02 13:32:50 | ERROR | utils.scheduler:_send_responses:271 | Не удалось отправить отклик на вакансию 123668205
2025-09-02 13:33:51 | ERROR | hh_api.client:send_response_to_vacancy:301 | Ошибка отправки отклика на вакансию 122459875: Ошибка API: 403 - {"description":"Must process test first","errors":[{"value":"test_required","type":"negotiations"}],"request_id":"17568092357204ac76528c7fbd474004"}
2025-09-02 13:33:51 | ERROR | utils.scheduler:_send_single_response:379 | ❌ Ошибка отправки отклика: Ошибка API: 403 - {"description":"Must process test first","errors":[{"value":"test_required","type":"negotiations"}],"request_id":"17568092357204ac76528c7fbd474004"}
2025-09-02 13:33:51 | ERROR | utils.scheduler:_send_responses:271 | Не удалось отправить отклик на вакансию 122459875
2025-09-02 13:33:51 | ERROR | hh_api.client:send_response_to_vacancy:301 | Ошибка отправки отклика на вакансию 120403853: Ошибка API: 403 - {"description":"Must process test first","errors":[{"value":"test_required","type":"negotiations"}],"request_id":"17568092358750bb00248d934a6b4004"}
2025-09-02 13:33:51 | ERROR | utils.scheduler:_send_single_response:379 | ❌ Ошибка отправки отклика: Ошибка API: 403 - {"description":"Must process test first","errors":[{"value":"test_required","type":"negotiations"}],"request_id":"17568092358750bb00248d934a6b4004"}
2025-09-02 13:33:51 | ERROR | utils.scheduler:_send_responses:271 | Не удалось отправить отклик на вакансию 120403853
2025-09-02 13:33:52 | ERROR | hh_api.client:send_response_to_vacancy:301 | Ошибка отправки отклика на вакансию 124118139: Ошибка API: 403 - {"description":"Must process test first","errors":[{"value":"test_required","type":"negotiations"}],"request_id":"175680923605935fb92ab02bc17a0004"}
2025-09-02 13:33:52 | ERROR | utils.scheduler:_send_single_response:379 | ❌ Ошибка отправки отклика: Ошибка API: 403 - {"description":"Must process test first","errors":[{"value":"test_required","type":"negotiations"}],"request_id":"175680923605935fb92ab02bc17a0004"}
2025-09-02 13:33:52 | ERROR | utils.scheduler:_send_responses:271 | Не удалось отправить отклик на вакансию 124118139
2025-09-02 13:33:52 | ERROR | hh_api.client:send_response_to_vacancy:301 | Ошибка отправки отклика на вакансию 73726156: Ошибка API: 403 - {"description":"Must process test first","errors":[{"value":"test_required","type":"negotiations"}],"request_id":"175680923614413dfa2f5a5f479db006"}
2025-09-02 13:33:52 | ERROR | utils.scheduler:_send_single_response:379 | ❌ Ошибка отправки отклика: Ошибка API: 403 - {"description":"Must process test first","errors":[{"value":"test_required","type":"negotiations"}],"request_id":"175680923614413dfa2f5a5f479db006"}
2025-09-02 13:33:52 | ERROR | utils.scheduler:_send_responses:271 | Не удалось отправить отклик на вакансию 73726156
2025-09-02 13:35:23 | ERROR | hh_api.client:send_response_to_vacancy:301 | Ошибка отправки отклика на вакансию 122459875: Ошибка API: 403 - {"description":"Must process test first","errors":[{"value":"test_required","type":"negotiations"}],"request_id":"1756809327670fb68c359a3ee6476006"}
2025-09-02 13:35:23 | ERROR | utils.scheduler:_send_single_response:379 | ❌ Ошибка отправки отклика: Ошибка API: 403 - {"description":"Must process test first","errors":[{"value":"test_required","type":"negotiations"}],"request_id":"1756809327670fb68c359a3ee6476006"}
2025-09-02 13:35:23 | ERROR | utils.scheduler:_send_responses:271 | Не удалось отправить отклик на вакансию 122459875
2025-09-02 13:35:23 | ERROR | hh_api.client:send_response_to_vacancy:301 | Ошибка отправки отклика на вакансию 120403853: Ошибка API: 403 - {"description":"Must process test first","errors":[{"value":"test_required","type":"negotiations"}],"request_id":"1756809327771848629d8b73fd5f6006"}
2025-09-02 13:35:23 | ERROR | utils.scheduler:_send_single_response:379 | ❌ Ошибка отправки отклика: Ошибка API: 403 - {"description":"Must process test first","errors":[{"value":"test_required","type":"negotiations"}],"request_id":"1756809327771848629d8b73fd5f6006"}
2025-09-02 13:35:23 | ERROR | utils.scheduler:_send_responses:271 | Не удалось отправить отклик на вакансию 120403853
2025-09-02 13:35:23 | ERROR | hh_api.client:send_response_to_vacancy:301 | Ошибка отправки отклика на вакансию 124118139: Ошибка API: 403 - {"description":"Must process test first","errors":[{"value":"test_required","type":"negotiations"}],"request_id":"17568093278871e3295183f551dbb005"}
2025-09-02 13:35:23 | ERROR | utils.scheduler:_send_single_response:379 | ❌ Ошибка отправки отклика: Ошибка API: 403 - {"description":"Must process test first","errors":[{"value":"test_required","type":"negotiations"}],"request_id":"17568093278871e3295183f551dbb005"}
2025-09-02 13:35:23 | ERROR | utils.scheduler:_send_responses:271 | Не удалось отправить отклик на вакансию 124118139
2025-09-02 13:35:24 | ERROR | hh_api.client:send_response_to_vacancy:301 | Ошибка отправки отклика на вакансию 73726156: Ошибка API: 403 - {"description":"Must process test first","errors":[{"value":"test_required","type":"negotiations"}],"request_id":"1756809327993d9d3dea8d97f152f009"}
2025-09-02 13:35:24 | ERROR | utils.scheduler:_send_single_response:379 | ❌ Ошибка отправки отклика: Ошибка API: 403 - {"description":"Must process test first","errors":[{"value":"test_required","type":"negotiations"}],"request_id":"1756809327993d9d3dea8d97f152f009"}
2025-09-02 13:35:24 | ERROR | utils.scheduler:_send_responses:271 | Не удалось отправить отклик на вакансию 73726156
2025-09-02 13:36:19 | ERROR | hh_api.client:send_response_to_vacancy:301 | Ошибка отправки отклика на вакансию 122459875: Ошибка API: 403 - {"description":"Must process test first","errors":[{"value":"test_required","type":"negotiations"}],"request_id":"175680938369522d631042dcadd5f010"}
2025-09-02 13:36:19 | ERROR | utils.scheduler:_send_single_response:379 | ❌ Ошибка отправки отклика: Ошибка API: 403 - {"description":"Must process test first","errors":[{"value":"test_required","type":"negotiations"}],"request_id":"175680938369522d631042dcadd5f010"}
2025-09-02 13:36:19 | ERROR | utils.scheduler:_send_responses:271 | Не удалось отправить отклик на вакансию 122459875
2025-09-02 13:36:19 | ERROR | hh_api.client:send_response_to_vacancy:301 | Ошибка отправки отклика на вакансию 120403853: Ошибка API: 403 - {"description":"Must process test first","errors":[{"value":"test_required","type":"negotiations"}],"request_id":"1756809383785bfb575c52a9ba94d008"}
2025-09-02 13:36:19 | ERROR | utils.scheduler:_send_single_response:379 | ❌ Ошибка отправки отклика: Ошибка API: 403 - {"description":"Must process test first","errors":[{"value":"test_required","type":"negotiations"}],"request_id":"1756809383785bfb575c52a9ba94d008"}
2025-09-02 13:36:19 | ERROR | utils.scheduler:_send_responses:271 | Не удалось отправить отклик на вакансию 120403853
2025-09-02 13:36:20 | ERROR | hh_api.client:send_response_to_vacancy:301 | Ошибка отправки отклика на вакансию 124118139: Ошибка API: 403 - {"description":"Must process test first","errors":[{"value":"test_required","type":"negotiations"}],"request_id":"1756809383876b2ac11ff7c28e48f011"}
2025-09-02 13:36:20 | ERROR | utils.scheduler:_send_single_response:379 | ❌ Ошибка отправки отклика: Ошибка API: 403 - {"description":"Must process test first","errors":[{"value":"test_required","type":"negotiations"}],"request_id":"1756809383876b2ac11ff7c28e48f011"}
2025-09-02 13:36:20 | ERROR | utils.scheduler:_send_responses:271 | Не удалось отправить отклик на вакансию 124118139
2025-09-02 13:36:20 | ERROR | hh_api.client:send_response_to_vacancy:301 | Ошибка отправки отклика на вакансию 73726156: Ошибка API: 403 - {"description":"Must process test first","errors":[{"value":"test_required","type":"negotiations"}],"request_id":"1756809384157cd6070f94b539f31009"}
2025-09-02 13:36:20 | ERROR | utils.scheduler:_send_single_response:379 | ❌ Ошибка отправки отклика: Ошибка API: 403 - {"description":"Must process test first","errors":[{"value":"test_required","type":"negotiations"}],"request_id":"1756809384157cd6070f94b539f31009"}
2025-09-02 13:36:20 | ERROR | utils.scheduler:_send_responses:271 | Не удалось отправить отклик на вакансию 73726156
2025-09-02 13:36:56 | ERROR | hh_api.client:send_response_to_vacancy:301 | Ошибка отправки отклика на вакансию 122459875: Ошибка API: 403 - {"description":"Must process test first","errors":[{"value":"test_required","type":"negotiations"}],"request_id":"1756809420085d943cd4984ec4d5d005"}
2025-09-02 13:36:56 | ERROR | utils.scheduler:_send_single_response:379 | ❌ Ошибка отправки отклика: Ошибка API: 403 - {"description":"Must process test first","errors":[{"value":"test_required","type":"negotiations"}],"request_id":"1756809420085d943cd4984ec4d5d005"}
2025-09-02 13:36:56 | ERROR | utils.scheduler:_send_responses:271 | Не удалось отправить отклик на вакансию 122459875
2025-09-02 13:36:56 | ERROR | hh_api.client:send_response_to_vacancy:301 | Ошибка отправки отклика на вакансию 120403853: Ошибка API: 403 - {"description":"Must process test first","errors":[{"value":"test_required","type":"negotiations"}],"request_id":"175680942018136f298ae3f01a066005"}
2025-09-02 13:36:56 | ERROR | utils.scheduler:_send_single_response:379 | ❌ Ошибка отправки отклика: Ошибка API: 403 - {"description":"Must process test first","errors":[{"value":"test_required","type":"negotiations"}],"request_id":"175680942018136f298ae3f01a066005"}
2025-09-02 13:36:56 | ERROR | utils.scheduler:_send_responses:271 | Не удалось отправить отклик на вакансию 120403853
2025-09-02 13:36:56 | ERROR | hh_api.client:send_response_to_vacancy:301 | Ошибка отправки отклика на вакансию 124118139: Ошибка API: 403 - {"description":"Must process test first","errors":[{"value":"test_required","type":"negotiations"}],"request_id":"1756809420297d5c31ad1baaa9ddc007"}
2025-09-02 13:36:56 | ERROR | utils.scheduler:_send_single_response:379 | ❌ Ошибка отправки отклика: Ошибка API: 403 - {"description":"Must process test first","errors":[{"value":"test_required","type":"negotiations"}],"request_id":"1756809420297d5c31ad1baaa9ddc007"}
2025-09-02 13:36:56 | ERROR | utils.scheduler:_send_responses:271 | Не удалось отправить отклик на вакансию 124118139
2025-09-02 13:36:56 | ERROR | hh_api.client:send_response_to_vacancy:301 | Ошибка отправки отклика на вакансию 73726156: Ошибка API: 403 - {"description":"Must process test first","errors":[{"value":"test_required","type":"negotiations"}],"request_id":"1756809420423966caa2c86a4a24b007"}
2025-09-02 13:36:56 | ERROR | utils.scheduler:_send_single_response:379 | ❌ Ошибка отправки отклика: Ошибка API: 403 - {"description":"Must process test first","errors":[{"value":"test_required","type":"negotiations"}],"request_id":"1756809420423966caa2c86a4a24b007"}
2025-09-02 13:36:56 | ERROR | utils.scheduler:_send_responses:271 | Не удалось отправить отклик на вакансию 73726156
2025-09-02 13:38:28 | ERROR | hh_api.client:send_response_to_vacancy:301 | Ошибка отправки отклика на вакансию 122459875: Ошибка API: 403 - {"description":"Must process test first","errors":[{"value":"test_required","type":"negotiations"}],"request_id":"1756809512031c146e5596763240d002"}
2025-09-02 13:38:28 | ERROR | utils.scheduler:_send_single_response:379 | ❌ Ошибка отправки отклика: Ошибка API: 403 - {"description":"Must process test first","errors":[{"value":"test_required","type":"negotiations"}],"request_id":"1756809512031c146e5596763240d002"}
2025-09-02 13:38:28 | ERROR | utils.scheduler:_send_responses:271 | Не удалось отправить отклик на вакансию 122459875
2025-09-02 13:38:28 | ERROR | hh_api.client:send_response_to_vacancy:301 | Ошибка отправки отклика на вакансию 120403853: Ошибка API: 403 - {"description":"Must process test first","errors":[{"value":"test_required","type":"negotiations"}],"request_id":"175680951215459fa8f00547ccbe1002"}
2025-09-02 13:38:28 | ERROR | utils.scheduler:_send_single_response:379 | ❌ Ошибка отправки отклика: Ошибка API: 403 - {"description":"Must process test first","errors":[{"value":"test_required","type":"negotiations"}],"request_id":"175680951215459fa8f00547ccbe1002"}
2025-09-02 13:38:28 | ERROR | utils.scheduler:_send_responses:271 | Не удалось отправить отклик на вакансию 120403853
2025-09-02 13:38:28 | ERROR | hh_api.client:send_response_to_vacancy:301 | Ошибка отправки отклика на вакансию 124118139: Ошибка API: 403 - {"description":"Must process test first","errors":[{"value":"test_required","type":"negotiations"}],"request_id":"17568095123150f7e2ca1e16b9e0e006"}
2025-09-02 13:38:28 | ERROR | utils.scheduler:_send_single_response:379 | ❌ Ошибка отправки отклика: Ошибка API: 403 - {"description":"Must process test first","errors":[{"value":"test_required","type":"negotiations"}],"request_id":"17568095123150f7e2ca1e16b9e0e006"}
2025-09-02 13:38:28 | ERROR | utils.scheduler:_send_responses:271 | Не удалось отправить отклик на вакансию 124118139
2025-09-02 13:38:28 | ERROR | hh_api.client:send_response_to_vacancy:301 | Ошибка отправки отклика на вакансию 73726156: Ошибка API: 403 - {"description":"Must process test first","errors":[{"value":"test_required","type":"negotiations"}],"request_id":"175680951242102fa7f64af6504f0006"}
2025-09-02 13:38:28 | ERROR | utils.scheduler:_send_single_response:379 | ❌ Ошибка отправки отклика: Ошибка API: 403 - {"description":"Must process test first","errors":[{"value":"test_required","type":"negotiations"}],"request_id":"175680951242102fa7f64af6504f0006"}
2025-09-02 13:38:28 | ERROR | utils.scheduler:_send_responses:271 | Не удалось отправить отклик на вакансию 73726156
2025-09-02 13:40:00 | ERROR | hh_api.client:send_response_to_vacancy:301 | Ошибка отправки отклика на вакансию 122459875: Ошибка API: 403 - {"description":"Must process test first","errors":[{"value":"test_required","type":"negotiations"}],"request_id":"1756809604083228ac83921946df1006"}
2025-09-02 13:40:00 | ERROR | utils.scheduler:_send_single_response:379 | ❌ Ошибка отправки отклика: Ошибка API: 403 - {"description":"Must process test first","errors":[{"value":"test_required","type":"negotiations"}],"request_id":"1756809604083228ac83921946df1006"}
2025-09-02 13:40:00 | ERROR | utils.scheduler:_send_responses:271 | Не удалось отправить отклик на вакансию 122459875
2025-09-02 13:40:00 | ERROR | hh_api.client:send_response_to_vacancy:301 | Ошибка отправки отклика на вакансию 120403853: Ошибка API: 403 - {"description":"Must process test first","errors":[{"value":"test_required","type":"negotiations"}],"request_id":"1756809604151c4f6fbeaaeda31c2009"}
2025-09-02 13:40:00 | ERROR | utils.scheduler:_send_single_response:379 | ❌ Ошибка отправки отклика: Ошибка API: 403 - {"description":"Must process test first","errors":[{"value":"test_required","type":"negotiations"}],"request_id":"1756809604151c4f6fbeaaeda31c2009"}
2025-09-02 13:40:00 | ERROR | utils.scheduler:_send_responses:271 | Не удалось отправить отклик на вакансию 120403853
2025-09-02 13:40:00 | ERROR | hh_api.client:send_response_to_vacancy:301 | Ошибка отправки отклика на вакансию 124118139: Ошибка API: 403 - {"description":"Must process test first","errors":[{"value":"test_required","type":"negotiations"}],"request_id":"1756809604241043bec0c55b7e008002"}
2025-09-02 13:40:00 | ERROR | utils.scheduler:_send_single_response:379 | ❌ Ошибка отправки отклика: Ошибка API: 403 - {"description":"Must process test first","errors":[{"value":"test_required","type":"negotiations"}],"request_id":"1756809604241043bec0c55b7e008002"}
2025-09-02 13:40:00 | ERROR | utils.scheduler:_send_responses:271 | Не удалось отправить отклик на вакансию 124118139
2025-09-02 13:40:00 | ERROR | hh_api.client:send_response_to_vacancy:301 | Ошибка отправки отклика на вакансию 73726156: Ошибка API: 403 - {"description":"Must process test first","errors":[{"value":"test_required","type":"negotiations"}],"request_id":"175680960435789ad5ba402683276002"}
2025-09-02 13:40:00 | ERROR | utils.scheduler:_send_single_response:379 | ❌ Ошибка отправки отклика: Ошибка API: 403 - {"description":"Must process test first","errors":[{"value":"test_required","type":"negotiations"}],"request_id":"175680960435789ad5ba402683276002"}
2025-09-02 13:40:00 | ERROR | utils.scheduler:_send_responses:271 | Не удалось отправить отклик на вакансию 73726156
2025-09-02 13:40:53 | ERROR | hh_api.client:send_response_to_vacancy:301 | Ошибка отправки отклика на вакансию 122459875: Ошибка API: 403 - {"description":"Must process test first","errors":[{"value":"test_required","type":"negotiations"}],"request_id":"17568096571706aefd89081b24a5b010"}
2025-09-02 13:40:53 | ERROR | hh_api.client:send_response_to_vacancy:301 | Ошибка отправки отклика на вакансию 120403853: Ошибка API: 403 - {"description":"Must process test first","errors":[{"value":"test_required","type":"negotiations"}],"request_id":"17568096579069cfcc55436b9cd6e004"}
2025-09-02 13:40:54 | ERROR | hh_api.client:send_response_to_vacancy:301 | Ошибка отправки отклика на вакансию 124118139: Ошибка API: 403 - {"description":"Must process test first","errors":[{"value":"test_required","type":"negotiations"}],"request_id":"1756809658665da09a0364196baee010"}
2025-09-02 13:40:55 | ERROR | hh_api.client:send_response_to_vacancy:301 | Ошибка отправки отклика на вакансию 73726156: Ошибка API: 403 - {"description":"Must process test first","errors":[{"value":"test_required","type":"negotiations"}],"request_id":"175680965943489c74ce47623462a003"}
2025-09-02 13:40:56 | ERROR | utils.scheduler:_save_response_to_db:772 | Ошибка сохранения отклика в БД: table responses has no column named match_score
2025-09-02 13:44:31 | ERROR | utils.scheduler:_save_response_to_db:772 | Ошибка сохранения отклика в БД: table responses has no column named match_score
2025-09-02 13:45:02 | ERROR | hh_api.client:send_response_to_vacancy:301 | Ошибка отправки отклика на вакансию 118572460: Ошибка API: 403 - {"description":"Must process test first","errors":[{"value":"test_required","type":"negotiations"}],"request_id":"175680990602146c6a2a948477d95005"}
2025-09-02 13:45:02 | ERROR | utils.scheduler:_save_response_to_db:772 | Ошибка сохранения отклика в БД: table responses has no column named match_score
2025-09-02 13:50:40 | ERROR | utils.scheduler:_save_response_to_db:772 | Ошибка сохранения отклика в БД: table responses has no column named match_score
2025-09-02 13:51:12 | ERROR | utils.scheduler:_save_response_to_db:772 | Ошибка сохранения отклика в БД: table responses has no column named match_score
2025-09-02 13:51:43 | ERROR | utils.scheduler:_save_response_to_db:772 | Ошибка сохранения отклика в БД: table responses has no column named match_score
2025-09-02 13:52:14 | ERROR | utils.scheduler:_save_response_to_db:772 | Ошибка сохранения отклика в БД: table responses has no column named match_score
2025-09-02 13:52:45 | ERROR | utils.scheduler:_save_response_to_db:772 | Ошибка сохранения отклика в БД: table responses has no column named match_score
2025-09-02 13:54:16 | ERROR | utils.scheduler:_save_response_to_db:772 | Ошибка сохранения отклика в БД: table responses has no column named match_score
2025-09-02 14:03:02 | ERROR | bot.handlers.settings:save_settings_callback:436 | Ошибка сохранения настроек: database is locked
2025-09-02 14:07:20 | ERROR | hh_api.client:send_response_to_vacancy:301 | Ошибка отправки отклика на вакансию 122459875: Ошибка API: 403 - {"description":"Must process test first","errors":[{"value":"test_required","type":"negotiations"}],"request_id":"1756811244294e0b45486fc022e15002"}
2025-09-02 14:07:21 | ERROR | utils.scheduler:_save_response_to_db:772 | Ошибка сохранения отклика в БД: table responses has no column named match_score
2025-09-02 14:07:51 | ERROR | utils.scheduler:_save_response_to_db:772 | Ошибка сохранения отклика в БД: table responses has no column named match_score
2025-09-02 14:08:22 | ERROR | utils.scheduler:_save_response_to_db:772 | Ошибка сохранения отклика в БД: table responses has no column named match_score
2025-09-02 14:08:53 | ERROR | utils.scheduler:_save_response_to_db:772 | Ошибка сохранения отклика в БД: table responses has no column named match_score
2025-09-02 14:10:26 | ERROR | utils.scheduler:_save_response_to_db:772 | Ошибка сохранения отклика в БД: table responses has no column named match_score
2025-09-02 14:10:56 | ERROR | hh_api.client:send_response_to_vacancy:301 | Ошибка отправки отклика на вакансию 124118139: Ошибка API: 403 - {"description":"Must process test first","errors":[{"value":"test_required","type":"negotiations"}],"request_id":"1756811460962d3a3c17e4a55709b008"}
2025-09-02 14:29:37 | ERROR | utils.scheduler:_save_response_to_db:772 | Ошибка сохранения отклика в БД: table responses has no column named match_score
2025-09-02 14:30:08 | ERROR | hh_api.client:send_response_to_vacancy:301 | Ошибка отправки отклика на вакансию 124702074: Ошибка API: 403 - {"description":"Must process test first","errors":[{"value":"test_required","type":"negotiations"}],"request_id":"1756812608103d5d99299be12c8fd008"}
2025-09-02 14:30:08 | ERROR | utils.scheduler:_save_response_to_db:772 | Ошибка сохранения отклика в БД: table responses has no column named match_score
2025-09-02 14:30:39 | ERROR | utils.scheduler:_save_response_to_db:772 | Ошибка сохранения отклика в БД: table responses has no column named match_score
2025-09-02 14:31:10 | ERROR | utils.scheduler:_save_response_to_db:772 | Ошибка сохранения отклика в БД: table responses has no column named match_score
2025-09-02 14:32:43 | ERROR | utils.scheduler:_save_response_to_db:772 | Ошибка сохранения отклика в БД: table responses has no column named match_score
2025-09-02 14:33:14 | ERROR | utils.scheduler:_save_response_to_db:772 | Ошибка сохранения отклика в БД: table responses has no column named match_score
2025-09-02 14:33:45 | ERROR | utils.scheduler:_save_response_to_db:772 | Ошибка сохранения отклика в БД: table responses has no column named match_score
2025-09-02 14:34:16 | ERROR | utils.scheduler:_save_response_to_db:772 | Ошибка сохранения отклика в БД: table responses has no column named match_score
2025-09-02 14:34:47 | ERROR | hh_api.client:send_response_to_vacancy:301 | Ошибка отправки отклика на вакансию 124118139: Ошибка API: 403 - {"description":"Must process test first","errors":[{"value":"test_required","type":"negotiations"}],"request_id":"1756812886974827c88db5c154e59006"}
2025-09-02 14:35:49 | ERROR | utils.scheduler:_save_response_to_db:772 | Ошибка сохранения отклика в БД: table responses has no column named match_score
2025-09-02 14:37:21 | ERROR | utils.scheduler:_save_response_to_db:772 | Ошибка сохранения отклика в БД: table responses has no column named match_score
2025-09-02 14:46:03 | ERROR | utils.scheduler:_save_response_to_db:772 | Ошибка сохранения отклика в БД: table responses has no column named match_score
2025-09-02 14:49:57 | ERROR | hh_api.auth:is_authenticated:186 | Токен недействителен: Ошибка соединения: Cannot connect to host api.hh.ru:443 ssl:default [Превышен таймаут семафора]
2025-09-02 14:50:19 | ERROR | hh_api.auth:is_authenticated:186 | Токен недействителен: Ошибка соединения: Cannot connect to host api.hh.ru:443 ssl:default [Превышен таймаут семафора]
2025-09-02 14:50:40 | ERROR | hh_api.auth:is_authenticated:186 | Токен недействителен: Ошибка соединения: Cannot connect to host api.hh.ru:443 ssl:default [Превышен таймаут семафора]
2025-09-02 14:50:40 | ERROR | utils.scheduler:_validate_user_conditions:169 | Пользователь 8391275806 не авторизован в HH API
2025-09-02 14:51:01 | ERROR | utils.scheduler:_send_auth_required_notification:610 | Ошибка отправки уведомления об авторизации: HTTP Client says - ClientConnectorError: Cannot connect to host api.telegram.org:443 ssl:default [Превышен таймаут семафора]
2025-09-02 14:52:22 | ERROR | hh_api.auth:is_authenticated:186 | Токен недействителен: Ошибка соединения: Cannot connect to host api.hh.ru:443 ssl:default [Превышен таймаут семафора]
2025-09-02 14:52:43 | ERROR | hh_api.auth:is_authenticated:186 | Токен недействителен: Ошибка соединения: Cannot connect to host api.hh.ru:443 ssl:default [Превышен таймаут семафора]
2025-09-02 14:53:04 | ERROR | hh_api.auth:is_authenticated:186 | Токен недействителен: Ошибка соединения: Cannot connect to host api.hh.ru:443 ssl:default [Превышен таймаут семафора]
2025-09-02 14:53:04 | ERROR | utils.scheduler:_validate_user_conditions:169 | Пользователь 8391275806 не авторизован в HH API
2025-09-02 14:57:03 | ERROR | hh_api.client:send_response_to_vacancy:301 | Ошибка отправки отклика на вакансию 122459875: Ошибка API: 403 - {"description":"Must process test first","errors":[{"value":"test_required","type":"negotiations"}],"request_id":"1756814223835c1888afe4f4f95c8008"}
2025-09-02 14:57:04 | ERROR | utils.scheduler:_save_response_to_db:772 | Ошибка сохранения отклика в БД: table responses has no column named match_score
2025-09-02 14:57:36 | ERROR | hh_api.client:send_response_to_vacancy:301 | Ошибка отправки отклика на вакансию 124729119: Ошибка API: 403 - {"description":"Must process test first","errors":[{"value":"test_required","type":"negotiations"}],"request_id":"1756814255873a4172801360cb027010"}
2025-09-02 14:57:37 | ERROR | hh_api.client:send_response_to_vacancy:301 | Ошибка отправки отклика на вакансию 124512409: Ошибка API: 403 - {"description":"Must process test first","errors":[{"value":"test_required","type":"negotiations"}],"request_id":"1756814257010f35706eaeb8417bb005"}
2025-09-02 14:57:38 | ERROR | utils.scheduler:_save_response_to_db:772 | Ошибка сохранения отклика в БД: table responses has no column named match_score
2025-09-02 15:26:12 | ERROR | hh_api.client:send_response_to_vacancy:301 | Ошибка отправки отклика на вакансию 122459875: Ошибка API: 403 - {"description":"Must process test first","errors":[{"value":"test_required","type":"negotiations"}],"request_id":"17568159724689a9ab38c5f91f668006"}
2025-09-02 15:26:13 | ERROR | hh_api.client:send_response_to_vacancy:301 | Ошибка отправки отклика на вакансию 124729119: Ошибка API: 403 - {"description":"Must process test first","errors":[{"value":"test_required","type":"negotiations"}],"request_id":"175681597327435c93ff10374a96a011"}
2025-09-02 15:26:14 | ERROR | hh_api.client:send_response_to_vacancy:301 | Ошибка отправки отклика на вакансию 124512409: Ошибка API: 403 - {"description":"Must process test first","errors":[{"value":"test_required","type":"negotiations"}],"request_id":"17568159741791b12348c21b66920005"}
2025-09-02 15:26:14 | ERROR | hh_api.client:send_response_to_vacancy:301 | Ошибка отправки отклика на вакансию 124118139: Ошибка API: 403 - {"description":"Must process test first","errors":[{"value":"test_required","type":"negotiations"}],"request_id":"175681597508867d3c8af4db93b9a012"}
2025-09-02 15:26:16 | ERROR | utils.scheduler:_save_response_to_db:772 | Ошибка сохранения отклика в БД: table responses has no column named match_score
2025-09-02 16:02:41 | ERROR | hh_api.client:send_response_to_vacancy:301 | Ошибка отправки отклика на вакансию 124776418: Ошибка API: 403 - {"description":"Can't respond to specified vacancy","bad_argument":"vacancy_id","bad_arguments":[{"name":"vacancy_id","description":"Can't respond to specified vacancy"}],"errors":[{"value":"application_denied","type":"negotiations"}],"request_id":"17568181620724b8a439932f016b0002"}
2025-09-02 16:02:41 | ERROR | utils.scheduler:_send_single_response:376 | ❌ Неизвестная ошибка отправки отклика: Ошибка API: 403 - {"description":"Can't respond to specified vacancy","bad_argument":"vacancy_id","bad_arguments":[{"name":"vacancy_id","description":"Can't respond to specified vacancy"}],"errors":[{"value":"application_denied","type":"negotiations"}],"request_id":"17568181620724b8a439932f016b0002"}
2025-09-02 16:23:15 | ERROR | utils.scheduler:_save_response_to_db:772 | Ошибка сохранения отклика в БД: table responses has no column named match_score
2025-09-02 16:47:25 | ERROR | utils.scheduler:_save_response_to_db:772 | Ошибка сохранения отклика в БД: table responses has no column named match_score
2025-09-02 16:51:00 | ERROR | utils.scheduler:_save_response_to_db:772 | Ошибка сохранения отклика в БД: table responses has no column named match_score
2025-09-02 17:18:10 | ERROR | utils.scheduler:_save_response_to_db:772 | Ошибка сохранения отклика в БД: table responses has no column named match_score
2025-09-03 01:33:25 | ERROR | hh_api.client:send_response_to_vacancy:301 | Ошибка отправки отклика на вакансию 122459875: Ошибка API: 403 - {"description":"Must process test first","errors":[{"value":"test_required","type":"negotiations"}],"request_id":"1756852407280bfd7ef74b2325b88006"}
2025-09-03 01:33:26 | ERROR | hh_api.client:send_response_to_vacancy:301 | Ошибка отправки отклика на вакансию 124729119: Ошибка API: 403 - {"description":"Must process test first","errors":[{"value":"test_required","type":"negotiations"}],"request_id":"17568524080948870a44f73683790012"}
2025-09-03 01:33:26 | ERROR | hh_api.client:send_response_to_vacancy:301 | Ошибка отправки отклика на вакансию 124512409: Ошибка API: 403 - {"description":"Must process test first","errors":[{"value":"test_required","type":"negotiations"}],"request_id":"17568524088698f4549b3c18093f6002"}
2025-09-03 01:33:27 | ERROR | hh_api.client:send_response_to_vacancy:301 | Ошибка отправки отклика на вакансию 124118139: Ошибка API: 403 - {"description":"Must process test first","errors":[{"value":"test_required","type":"negotiations"}],"request_id":"175685240967482d58fc35c4a81dc004"}
2025-09-03 01:33:28 | ERROR | utils.scheduler:_save_response_to_db:772 | Ошибка сохранения отклика в БД: table responses has no column named match_score
2025-09-03 08:01:58 | ERROR | utils.scheduler:_save_response_to_db:772 | Ошибка сохранения отклика в БД: table responses has no column named match_score
2025-09-03 08:52:31 | ERROR | utils.scheduler:_save_response_to_db:772 | Ошибка сохранения отклика в БД: table responses has no column named match_score
2025-09-03 09:23:42 | ERROR | utils.scheduler:_save_response_to_db:772 | Ошибка сохранения отклика в БД: table responses has no column named match_score
2025-09-03 10:56:23 | ERROR | utils.scheduler:_save_response_to_db:772 | Ошибка сохранения отклика в БД: table responses has no column named match_score
2025-09-03 10:56:54 | ERROR | utils.scheduler:_save_response_to_db:772 | Ошибка сохранения отклика в БД: table responses has no column named match_score
2025-09-03 10:57:25 | ERROR | utils.scheduler:_save_response_to_db:772 | Ошибка сохранения отклика в БД: table responses has no column named match_score
2025-09-03 10:57:56 | ERROR | utils.scheduler:_save_response_to_db:772 | Ошибка сохранения отклика в БД: table responses has no column named match_score
2025-09-03 10:58:27 | ERROR | utils.scheduler:_save_response_to_db:772 | Ошибка сохранения отклика в БД: table responses has no column named match_score
2025-09-03 11:05:07 | ERROR | utils.scheduler:_save_response_to_db:772 | Ошибка сохранения отклика в БД: table responses has no column named match_score
2025-09-03 11:18:56 | ERROR | utils.scheduler:_save_response_to_db:772 | Ошибка сохранения отклика в БД: table responses has no column named match_score
2025-09-03 11:28:39 | ERROR | utils.scheduler:_save_response_to_db:772 | Ошибка сохранения отклика в БД: table responses has no column named match_score
2025-09-03 11:41:27 | ERROR | utils.scheduler:_save_response_to_db:772 | Ошибка сохранения отклика в БД: table responses has no column named match_score
2025-09-03 11:42:59 | ERROR | utils.scheduler:_save_response_to_db:772 | Ошибка сохранения отклика в БД: table responses has no column named match_score
2025-09-03 11:44:31 | ERROR | hh_api.client:send_response_to_vacancy:301 | Ошибка отправки отклика на вакансию 124813520: Ошибка API: 403 - {"description":"Must process test first","errors":[{"value":"test_required","type":"negotiations"}],"request_id":"175688907488406c3b557193b9c38011"}
2025-09-03 11:47:34 | ERROR | hh_api.client:send_response_to_vacancy:301 | Ошибка отправки отклика на вакансию 124813520: Ошибка API: 403 - {"description":"Must process test first","errors":[{"value":"test_required","type":"negotiations"}],"request_id":"1756889258015a6a4ac9dd36683f1007"}
2025-09-03 11:47:35 | ERROR | hh_api.client:send_response_to_vacancy:301 | Ошибка отправки отклика на вакансию 124813522: Ошибка API: 403 - {"description":"Must process test first","errors":[{"value":"test_required","type":"negotiations"}],"request_id":"1756889258867993c6bb2feaf9fe5006"}
2025-09-03 11:47:36 | ERROR | hh_api.client:send_response_to_vacancy:301 | Ошибка отправки отклика на вакансию 124813521: Ошибка API: 403 - {"description":"Must process test first","errors":[{"value":"test_required","type":"negotiations"}],"request_id":"1756889259717c13c71bac4a8a7fd006"}
2025-09-03 11:47:37 | ERROR | hh_api.client:send_response_to_vacancy:301 | Ошибка отправки отклика на вакансию 122459875: Ошибка API: 403 - {"description":"Must process test first","errors":[{"value":"test_required","type":"negotiations"}],"request_id":"1756889260793a204cd5f1dd2061a006"}
2025-09-03 11:47:37 | ERROR | utils.scheduler:_save_response_to_db:772 | Ошибка сохранения отклика в БД: table responses has no column named match_score
2025-09-03 12:27:57 | ERROR | bot.handlers.main:responses_handler:726 | Ошибка получения истории откликов: 'DatabaseRepository' object has no attribute 'get_user_responses'
2025-11-05 18:00:26 | ERROR | hh_api.client:send_response_to_vacancy:301 | Ошибка отправки отклика на вакансию 127295268: Ошибка API: 403 - {"description":"Must process test first","errors":[{"value":"test_required","type":"negotiations"}],"request_id":"17623548308902d31ef62f4540984024"}
2025-11-05 18:00:27 | ERROR | hh_api.client:send_response_to_vacancy:301 | Ошибка отправки отклика на вакансию 127287195: Ошибка API: 403 - {"description":"Must process test first","errors":[{"value":"test_required","type":"negotiations"}],"request_id":"17623548324073bc737c230febddf027"}
2025-11-05 18:00:28 | ERROR | utils.scheduler:_save_response_to_db:772 | Ошибка сохранения отклика в БД: table responses has no column named match_score
2025-11-05 18:00:59 | ERROR | utils.scheduler:_save_response_to_db:772 | Ошибка сохранения отклика в БД: table responses has no column named match_score
2025-11-05 18:01:30 | ERROR | utils.scheduler:_save_response_to_db:772 | Ошибка сохранения отклика в БД: table responses has no column named match_score
2025-11-05 18:07:09 | ERROR | hh_api.client:send_response_to_vacancy:301 | Ошибка отправки отклика на вакансию 126123465: Ошибка API: 403 - {"description":"Must process test first","errors":[{"value":"test_required","type":"negotiations"}],"request_id":"17623552342979270cf0ad9906984026"}
2025-11-05 18:23:43 | ERROR | utils.scheduler:_save_response_to_db:772 | Ошибка сохранения отклика в БД: table responses has no column named match_score
2025-11-05 19:05:10 | ERROR | hh_api.client:send_response_to_vacancy:301 | Ошибка отправки отклика на вакансию 127295268: Ошибка API: 403 - {"description":"Must process test first","errors":[{"value":"test_required","type":"negotiations"}],"request_id":"17623587156115f9b0c7dba1e8989025"}
2025-11-05 19:05:11 | ERROR | hh_api.client:send_response_to_vacancy:301 | Ошибка отправки отклика на вакансию 127287195: Ошибка API: 403 - {"description":"Must process test first","errors":[{"value":"test_required","type":"negotiations"}],"request_id":"176235871649057ff06ac95dde563026"}
2025-11-05 19:05:12 | ERROR | hh_api.client:send_response_to_vacancy:301 | Ошибка отправки отклика на вакансию 126123465: Ошибка API: 403 - {"description":"Must process test first","errors":[{"value":"test_required","type":"negotiations"}],"request_id":"17623587173996afa441055ed166b029"}
2025-11-05 19:05:13 | ERROR | utils.scheduler:_save_response_to_db:772 | Ошибка сохранения отклика в БД: table responses has no column named match_score
2025-11-05 19:05:44 | ERROR | hh_api.client:send_response_to_vacancy:301 | Ошибка отправки отклика на вакансию 126826375: Ошибка API: 403 - {"description":"Must process test first","errors":[{"value":"test_required","type":"negotiations"}],"request_id":"17623587492746a37a889f31c1482029"}
2025-11-05 19:19:07 | ERROR | hh_api.client:send_response_to_vacancy:301 | Ошибка отправки отклика на вакансию 127295268: Ошибка API: 403 - {"description":"Must process test first","errors":[{"value":"test_required","type":"negotiations"}],"request_id":"1762359552490d24b1da61e5e77c6023"}
2025-11-05 19:19:08 | ERROR | hh_api.client:send_response_to_vacancy:301 | Ошибка отправки отклика на вакансию 127287195: Ошибка API: 403 - {"description":"Must process test first","errors":[{"value":"test_required","type":"negotiations"}],"request_id":"176235955370150739b3040c0971f023"}
2025-11-05 19:19:09 | ERROR | hh_api.client:send_response_to_vacancy:301 | Ошибка отправки отклика на вакансию 126123465: Ошибка API: 403 - {"description":"Must process test first","errors":[{"value":"test_required","type":"negotiations"}],"request_id":"17623595545854db50e7bf63cd9c3029"}
2025-11-05 19:19:10 | ERROR | hh_api.client:send_response_to_vacancy:301 | Ошибка отправки отклика на вакансию 126826375: Ошибка API: 403 - {"description":"Must process test first","errors":[{"value":"test_required","type":"negotiations"}],"request_id":"176235955549063db34611d94ed5f024"}
2025-11-05 19:19:11 | ERROR | utils.scheduler:_save_response_to_db:772 | Ошибка сохранения отклика в БД: table responses has no column named match_score
2025-11-05 19:36:02 | ERROR | hh_api.client:send_response_to_vacancy:301 | Ошибка отправки отклика на вакансию 127295268: Ошибка API: 403 - {"description":"Must process test first","errors":[{"value":"test_required","type":"negotiations"}],"request_id":"17623605672102c34a8acc3a71766029"}
2025-11-05 19:36:03 | ERROR | hh_api.client:send_response_to_vacancy:301 | Ошибка отправки отклика на вакансию 127287195: Ошибка API: 403 - {"description":"Must process test first","errors":[{"value":"test_required","type":"negotiations"}],"request_id":"17623605681140ffe44a31c160457027"}
2025-11-05 19:36:03 | ERROR | hh_api.client:send_response_to_vacancy:301 | Ошибка отправки отклика на вакансию 126123465: Ошибка API: 403 - {"description":"Must process test first","errors":[{"value":"test_required","type":"negotiations"}],"request_id":"176236056904159cb28d009bfb5ee027"}
2025-11-05 19:36:05 | ERROR | hh_api.client:send_response_to_vacancy:301 | Ошибка отправки отклика на вакансию 126826375: Ошибка API: 403 - {"description":"Must process test first","errors":[{"value":"test_required","type":"negotiations"}],"request_id":"1762360570063380b7284164a151c027"}
2025-11-05 19:36:06 | ERROR | utils.scheduler:_save_response_to_db:772 | Ошибка сохранения отклика в БД: table responses has no column named match_score
2025-11-05 19:44:59 | ERROR | hh_api.client:send_response_to_vacancy:301 | Ошибка отправки отклика на вакансию 127295268: Ошибка API: 403 - {"description":"Must process test first","errors":[{"value":"test_required","type":"negotiations"}],"request_id":"176236110464276f803a63e54d1b7029"}
2025-11-05 19:45:00 | ERROR | hh_api.client:send_response_to_vacancy:301 | Ошибка отправки отклика на вакансию 127287195: Ошибка API: 403 - {"description":"Must process test first","errors":[{"value":"test_required","type":"negotiations"}],"request_id":"176236110560709eff2c7a3829aa8024"}
2025-11-05 19:45:01 | ERROR | hh_api.client:send_response_to_vacancy:301 | Ошибка отправки отклика на вакансию 126123465: Ошибка API: 403 - {"description":"Must process test first","errors":[{"value":"test_required","type":"negotiations"}],"request_id":"17623611064832d886af94be154fa023"}
2025-11-05 19:45:02 | ERROR | hh_api.client:send_response_to_vacancy:301 | Ошибка отправки отклика на вакансию 126826375: Ошибка API: 403 - {"description":"Must process test first","errors":[{"value":"test_required","type":"negotiations"}],"request_id":"17623611073707578ca3345245a93024"}
2025-11-05 19:45:03 | ERROR | utils.scheduler:_save_response_to_db:772 | Ошибка сохранения отклика в БД: table responses has no column named match_score
2025-11-05 19:55:14 | ERROR | hh_api.client:send_response_to_vacancy:301 | Ошибка отправки отклика на вакансию 127295268: Ошибка API: 403 - {"description":"Must process test first","errors":[{"value":"test_required","type":"negotiations"}],"request_id":"1762361714849b3f4927608c1f931026"}
2025-11-05 19:55:15 | ERROR | hh_api.client:send_response_to_vacancy:301 | Ошибка отправки отклика на вакансию 127287195: Ошибка API: 403 - {"description":"Must process test first","errors":[{"value":"test_required","type":"negotiations"}],"request_id":"17623617157539c5e578d8d7465cd024"}
2025-11-05 19:55:16 | ERROR | hh_api.client:send_response_to_vacancy:301 | Ошибка отправки отклика на вакансию 126123465: Ошибка API: 403 - {"description":"Must process test first","errors":[{"value":"test_required","type":"negotiations"}],"request_id":"17623617166155d0cbfaef9509610023"}
2025-11-05 19:55:17 | ERROR | hh_api.client:send_response_to_vacancy:301 | Ошибка отправки отклика на вакансию 126826375: Ошибка API: 403 - {"description":"Must process test first","errors":[{"value":"test_required","type":"negotiations"}],"request_id":"17623617175038c0d03c4e14d2ac5029"}
2025-11-05 19:55:18 | ERROR | utils.scheduler:_save_response_to_db:772 | Ошибка сохранения отклика в БД: table responses has no column named match_score
2025-11-05 19:55:32 | ERROR | hh_api.client:send_response_to_vacancy:301 | Ошибка отправки отклика на вакансию 127295268: Ошибка API: 403 - {"description":"Must process test first","errors":[{"value":"test_required","type":"negotiations"}],"request_id":"17623617320602246cd03dc803697024"}
2025-11-05 19:55:33 | ERROR | hh_api.client:send_response_to_vacancy:301 | Ошибка отправки отклика на вакансию 127287195: Ошибка API: 403 - {"description":"Must process test first","errors":[{"value":"test_required","type":"negotiations"}],"request_id":"17623617330793276f351f07e2ff5023"}
2025-11-05 19:55:34 | ERROR | hh_api.client:send_response_to_vacancy:301 | Ошибка отправки отклика на вакансию 126123465: Ошибка API: 403 - {"description":"Must process test first","errors":[{"value":"test_required","type":"negotiations"}],"request_id":"1762361734027dde221b1f00bf4cf025"}
2025-11-05 19:55:35 | ERROR | hh_api.client:send_response_to_vacancy:301 | Ошибка отправки отклика на вакансию 126826375: Ошибка API: 403 - {"description":"Must process test first","errors":[{"value":"test_required","type":"negotiations"}],"request_id":"17623617350261378a88cce8b0c15028"}
2025-11-05 19:55:36 | ERROR | hh_api.client:send_response_to_vacancy:301 | Ошибка отправки отклика на вакансию 125106409: Ошибка API: 403 - {"description":"Must process test first","errors":[{"value":"test_required","type":"negotiations"}],"request_id":"1762361735999fc07cff99d6a161e026"}
2025-12-06 15:34:04 | ERROR | utils.scheduler:_validate_user_conditions:195 | Ошибка валидации условий для пользователя 8391275806: '>=' not supported between instances of 'NoneType' and 'int'
2025-12-06 15:36:34 | ERROR | __main__:main:300 | 💥 Критическая ошибка: name 'TelegramError' is not defined
2025-12-06 15:36:58 | ERROR | utils.scheduler:_send_responses:346 | Ошибка отправки: '>=' not supported between instances of 'NoneType' and 'int'
2025-12-06 15:36:58 | ERROR | utils.scheduler:_send_responses:346 | Ошибка отправки: '>=' not supported between instances of 'NoneType' and 'int'
2025-12-06 15:36:58 | ERROR | utils.scheduler:_send_responses:346 | Ошибка отправки: '>=' not supported between instances of 'NoneType' and 'int'
2025-12-06 15:36:58 | ERROR | utils.scheduler:_send_responses:346 | Ошибка отправки: '>=' not supported between instances of 'NoneType' and 'int'
2025-12-06 15:36:58 | ERROR | utils.scheduler:_send_responses:346 | Ошибка отправки: '>=' not supported between instances of 'NoneType' and 'int'
2025-12-06 15:40:04 | ERROR | __main__:main:300 | 💥 Критическая ошибка: name 'TelegramError' is not defined
2025-12-06 15:47:21 | ERROR | hh_api.client:send_response_to_vacancy:301 | Ошибка отправки отклика на вакансию 128311028: Ошибка API: 403 - {"description":"Must process test first","errors":[{"value":"test_required","type":"negotiations"}],"request_id":"17650252418156776c695cbda43ae023"}
2025-12-06 15:48:22 | ERROR | hh_api.client:send_response_to_vacancy:301 | Ошибка отправки отклика на вакансию 128332662: Ошибка API: 403 - {"description":"Must process test first","errors":[{"value":"test_required","type":"negotiations"}],"request_id":"17650253022359e24b18fb3b18ffb027"}
2025-12-06 15:49:53 | ERROR | hh_api.client:send_response_to_vacancy:301 | Ошибка отправки отклика на вакансию 128332662: Ошибка API: 403 - {"description":"Must process test first","errors":[{"value":"test_required","type":"negotiations"}],"request_id":"17650253929564084f078dfed71a7022"}
2025-12-06 15:50:53 | ERROR | hh_api.client:send_response_to_vacancy:301 | Ошибка отправки отклика на вакансию 128119291: Ошибка API: 403 - {"description":"Must process test first","errors":[{"value":"test_required","type":"negotiations"}],"request_id":"17650254534110dde06b64a46b5c4023"}
2025-12-06 15:50:53 | ERROR | hh_api.client:send_response_to_vacancy:301 | Ошибка отправки отклика на вакансию 128423864: Ошибка API: 403 - {"description":"Must process test first","errors":[{"value":"test_required","type":"negotiations"}],"request_id":"17650254534970bc3b8cfbe117a9e023"}
2025-12-06 15:51:54 | ERROR | hh_api.client:send_response_to_vacancy:301 | Ошибка отправки отклика на вакансию 128332662: Ошибка API: 403 - {"description":"Must process test first","errors":[{"value":"test_required","type":"negotiations"}],"request_id":"1765025514182380bfd59046ecba2029"}
2025-12-06 15:51:54 | ERROR | hh_api.client:send_response_to_vacancy:301 | Ошибка отправки отклика на вакансию 128423864: Ошибка API: 403 - {"description":"Must process test first","errors":[{"value":"test_required","type":"negotiations"}],"request_id":"1765025514249cf5a80bbfba4912c029"}
2025-12-06 15:51:54 | ERROR | hh_api.client:send_response_to_vacancy:301 | Ошибка отправки отклика на вакансию 128119291: Ошибка API: 403 - {"description":"Must process test first","errors":[{"value":"test_required","type":"negotiations"}],"request_id":"1765025514310aa6645470c01a10d027"}
2025-12-06 15:51:54 | ERROR | hh_api.client:send_response_to_vacancy:301 | Ошибка отправки отклика на вакансию 128037077: Ошибка API: 403 - {"description":"Must process test first","errors":[{"value":"test_required","type":"negotiations"}],"request_id":"1765025514377706c77297fc83352023"}
2025-12-06 15:53:25 | ERROR | hh_api.client:send_response_to_vacancy:301 | Ошибка отправки отклика на вакансию 128332662: Ошибка API: 403 - {"description":"Must process test first","errors":[{"value":"test_required","type":"negotiations"}],"request_id":"1765025605204c830b281975345e5022"}
2025-12-06 15:53:25 | ERROR | hh_api.client:send_response_to_vacancy:301 | Ошибка отправки отклика на вакансию 128119291: Ошибка API: 403 - {"description":"Must process test first","errors":[{"value":"test_required","type":"negotiations"}],"request_id":"176502560574216975edd4f049d1b024"}
2025-12-06 15:53:25 | ERROR | hh_api.client:send_response_to_vacancy:301 | Ошибка отправки отклика на вакансию 128423864: Ошибка API: 403 - {"description":"Must process test first","errors":[{"value":"test_required","type":"negotiations"}],"request_id":"176502560583195b18c9927072728024"}
2025-12-06 15:53:25 | ERROR | hh_api.client:send_response_to_vacancy:301 | Ошибка отправки отклика на вакансию 128037077: Ошибка API: 403 - {"description":"Must process test first","errors":[{"value":"test_required","type":"negotiations"}],"request_id":"17650256059054ffaedefc56a53ac022"}
2025-12-06 16:11:55 | ERROR | __main__:main:300 | 💥 Критическая ошибка: name 'TelegramError' is not defined
2025-12-06 16:12:15 | ERROR | hh_api.client:send_response_to_vacancy:301 | Ошибка отправки отклика на вакансию 128332662: Ошибка API: 403 - {"description":"Must process test first","errors":[{"value":"test_required","type":"negotiations"}],"request_id":"1765026735864c2b0fc678aa8fa54023"}
2025-12-06 16:12:15 | ERROR | hh_api.client:send_response_to_vacancy:301 | Ошибка отправки отклика на вакансию 128423864: Ошибка API: 403 - {"description":"Must process test first","errors":[{"value":"test_required","type":"negotiations"}],"request_id":"1765026735955e2628511ad6873a5023"}
2025-12-06 16:12:16 | ERROR | hh_api.client:send_response_to_vacancy:301 | Ошибка отправки отклика на вакансию 128119291: Ошибка API: 403 - {"description":"Must process test first","errors":[{"value":"test_required","type":"negotiations"}],"request_id":"17650267360501dab096949a91998023"}
2025-12-06 16:12:16 | ERROR | hh_api.client:send_response_to_vacancy:301 | Ошибка отправки отклика на вакансию 128037077: Ошибка API: 403 - {"description":"Must process test first","errors":[{"value":"test_required","type":"negotiations"}],"request_id":"1765026736151106040a55b211841023"}
2025-12-06 16:13:17 | ERROR | hh_api.client:send_response_to_vacancy:301 | Ошибка отправки отклика на вакансию 128332662: Ошибка API: 403 - {"description":"Must process test first","errors":[{"value":"test_required","type":"negotiations"}],"request_id":"176502679699688522cd63ec82c7b022"}
2025-12-06 16:13:17 | ERROR | hh_api.client:send_response_to_vacancy:301 | Ошибка отправки отклика на вакансию 128423864: Ошибка API: 403 - {"description":"Must process test first","errors":[{"value":"test_required","type":"negotiations"}],"request_id":"1765026797173f72683598892362d027"}
2025-12-06 16:13:17 | ERROR | hh_api.client:send_response_to_vacancy:301 | Ошибка отправки отклика на вакансию 128119291: Ошибка API: 403 - {"description":"Must process test first","errors":[{"value":"test_required","type":"negotiations"}],"request_id":"17650267972380d7030670508e4e8027"}
2025-12-06 16:13:17 | ERROR | hh_api.client:send_response_to_vacancy:301 | Ошибка отправки отклика на вакансию 128037077: Ошибка API: 403 - {"description":"Must process test first","errors":[{"value":"test_required","type":"negotiations"}],"request_id":"17650267973100b921d86645545d0027"}
2025-12-06 16:14:09 | ERROR | __main__:main:300 | 💥 Критическая ошибка: name 'TelegramError' is not defined
2025-12-06 16:16:15 | ERROR | hh_api.client:send_response_to_vacancy:301 | Ошибка отправки отклика на вакансию 128332662: Ошибка API: 403 - {"description":"Must process test first","errors":[{"value":"test_required","type":"negotiations"}],"request_id":"17650269750811793a9a275ef0610028"}
2025-12-06 16:16:15 | ERROR | hh_api.client:send_response_to_vacancy:301 | Ошибка отправки отклика на вакансию 128423864: Ошибка API: 403 - {"description":"Must process test first","errors":[{"value":"test_required","type":"negotiations"}],"request_id":"1765026975153737e948641536895027"}
2025-12-06 16:16:15 | ERROR | hh_api.client:send_response_to_vacancy:301 | Ошибка отправки отклика на вакансию 128119291: Ошибка API: 403 - {"description":"Must process test first","errors":[{"value":"test_required","type":"negotiations"}],"request_id":"1765026975217c10e0a6a1cb3d38a024"}
2025-12-06 16:16:15 | ERROR | hh_api.client:send_response_to_vacancy:301 | Ошибка отправки отклика на вакансию 128037077: Ошибка API: 403 - {"description":"Must process test first","errors":[{"value":"test_required","type":"negotiations"}],"request_id":"17650269752990d543cc2f085369b024"}
2025-12-06 16:16:28 | ERROR | __main__:main:300 | 💥 Критическая ошибка: name 'TelegramError' is not defined
2025-12-06 16:16:51 | ERROR | hh_api.client:send_response_to_vacancy:301 | Ошибка отправки отклика на вакансию 128332662: Ошибка API: 403 - {"description":"Must process test first","errors":[{"value":"test_required","type":"negotiations"}],"request_id":"1765027011189612345620f95b861027"}
2025-12-06 16:16:51 | ERROR | hh_api.client:send_response_to_vacancy:301 | Ошибка отправки отклика на вакансию 128423864: Ошибка API: 403 - {"description":"Must process test first","errors":[{"value":"test_required","type":"negotiations"}],"request_id":"1765027011261f371bd54cb092066027"}
2025-12-06 16:16:51 | ERROR | hh_api.client:send_response_to_vacancy:301 | Ошибка отправки отклика на вакансию 128119291: Ошибка API: 403 - {"description":"Must process test first","errors":[{"value":"test_required","type":"negotiations"}],"request_id":"1765027011327d7129eb5382c12bf027"}
2025-12-06 16:16:51 | ERROR | hh_api.client:send_response_to_vacancy:301 | Ошибка отправки отклика на вакансию 128037077: Ошибка API: 403 - {"description":"Must process test first","errors":[{"value":"test_required","type":"negotiations"}],"request_id":"1765027011396ab3ae5aa20a2b0a7027"}
2025-12-06 16:17:52 | ERROR | hh_api.client:send_response_to_vacancy:301 | Ошибка отправки отклика на вакансию 128332662: Ошибка API: 403 - {"description":"Must process test first","errors":[{"value":"test_required","type":"negotiations"}],"request_id":"176502707228352e2120e4a40eec8025"}
2025-12-06 16:17:52 | ERROR | hh_api.client:send_response_to_vacancy:301 | Ошибка отправки отклика на вакансию 128423864: Ошибка API: 403 - {"description":"Must process test first","errors":[{"value":"test_required","type":"negotiations"}],"request_id":"17650270723775eaee79a21244039025"}
2025-12-06 16:17:52 | ERROR | hh_api.client:send_response_to_vacancy:301 | Ошибка отправки отклика на вакансию 128119291: Ошибка API: 403 - {"description":"Must process test first","errors":[{"value":"test_required","type":"negotiations"}],"request_id":"1765027072483942e9bab3172a57f025"}
2025-12-06 16:17:52 | ERROR | hh_api.client:send_response_to_vacancy:301 | Ошибка отправки отклика на вакансию 128037077: Ошибка API: 403 - {"description":"Must process test first","errors":[{"value":"test_required","type":"negotiations"}],"request_id":"17650270726025f8bbf3a4fc5034a023"}
2025-12-06 16:18:53 | ERROR | hh_api.client:send_response_to_vacancy:301 | Ошибка отправки отклика на вакансию 128332662: Ошибка API: 403 - {"description":"Must process test first","errors":[{"value":"test_required","type":"negotiations"}],"request_id":"176502713318068b39437c8051482027"}
2025-12-06 16:18:53 | ERROR | hh_api.client:send_response_to_vacancy:301 | Ошибка отправки отклика на вакансию 128423864: Ошибка API: 403 - {"description":"Must process test first","errors":[{"value":"test_required","type":"negotiations"}],"request_id":"1765027133265bf7cbf147919a039022"}
2025-12-06 16:18:53 | ERROR | hh_api.client:send_response_to_vacancy:301 | Ошибка отправки отклика на вакансию 128119291: Ошибка API: 403 - {"description":"Must process test first","errors":[{"value":"test_required","type":"negotiations"}],"request_id":"1765027133346e38369cafbbd746f022"}
2025-12-06 16:18:53 | ERROR | hh_api.client:send_response_to_vacancy:301 | Ошибка отправки отклика на вакансию 128037077: Ошибка API: 403 - {"description":"Must process test first","errors":[{"value":"test_required","type":"negotiations"}],"request_id":"17650271335023a998453e22c1df7027"}
2025-12-06 16:19:54 | ERROR | hh_api.client:send_response_to_vacancy:301 | Ошибка отправки отклика на вакансию 128332662: Ошибка API: 403 - {"description":"Must process test first","errors":[{"value":"test_required","type":"negotiations"}],"request_id":"1765027194709298232fe72412a67027"}
2025-12-06 16:19:54 | ERROR | hh_api.client:send_response_to_vacancy:301 | Ошибка отправки отклика на вакансию 128423864: Ошибка API: 403 - {"description":"Must process test first","errors":[{"value":"test_required","type":"negotiations"}],"request_id":"1765027194781661aa22c4c137614027"}
2025-12-06 16:19:54 | ERROR | hh_api.client:send_response_to_vacancy:301 | Ошибка отправки отклика на вакансию 128119291: Ошибка API: 403 - {"description":"Must process test first","errors":[{"value":"test_required","type":"negotiations"}],"request_id":"1765027194853ab9b0742f5e5034b022"}
2025-12-06 16:19:54 | ERROR | hh_api.client:send_response_to_vacancy:301 | Ошибка отправки отклика на вакансию 128037077: Ошибка API: 403 - {"description":"Must process test first","errors":[{"value":"test_required","type":"negotiations"}],"request_id":"1765027194939b8ccf57be87f2e06027"}
2025-12-06 16:20:55 | ERROR | hh_api.client:send_response_to_vacancy:301 | Ошибка отправки отклика на вакансию 128332662: Ошибка API: 403 - {"description":"Must process test first","errors":[{"value":"test_required","type":"negotiations"}],"request_id":"176502725580778a52b3db4a575ad028"}
2025-12-06 16:20:55 | ERROR | hh_api.client:send_response_to_vacancy:301 | Ошибка отправки отклика на вакансию 128423864: Ошибка API: 403 - {"description":"Must process test first","errors":[{"value":"test_required","type":"negotiations"}],"request_id":"1765027255877a3920fd98f44d9ef028"}
2025-12-06 16:20:55 | ERROR | hh_api.client:send_response_to_vacancy:301 | Ошибка отправки отклика на вакансию 128119291: Ошибка API: 403 - {"description":"Must process test first","errors":[{"value":"test_required","type":"negotiations"}],"request_id":"176502725594500ff634a356221ad027"}
2025-12-06 16:20:56 | ERROR | hh_api.client:send_response_to_vacancy:301 | Ошибка отправки отклика на вакансию 128037077: Ошибка API: 403 - {"description":"Must process test first","errors":[{"value":"test_required","type":"negotiations"}],"request_id":"17650272560310417b9764f9d870e026"}
2025-12-06 16:21:44 | ERROR | __main__:main:300 | 💥 Критическая ошибка: name 'TelegramError' is not defined
2025-12-06 16:22:35 | ERROR | hh_api.client:send_response_to_vacancy:301 | Ошибка отправки отклика на вакансию 128332662: Ошибка API: 403 - {"description":"Must process test first","errors":[{"value":"test_required","type":"negotiations"}],"request_id":"1765027355379ccfded097cd103fe024"}
2025-12-06 16:22:35 | ERROR | hh_api.client:send_response_to_vacancy:301 | Ошибка отправки отклика на вакансию 128423864: Ошибка API: 403 - {"description":"Must process test first","errors":[{"value":"test_required","type":"negotiations"}],"request_id":"17650273554690057d49495be0d69026"}
2025-12-06 16:22:35 | ERROR | hh_api.client:send_response_to_vacancy:301 | Ошибка отправки отклика на вакансию 128119291: Ошибка API: 403 - {"description":"Must process test first","errors":[{"value":"test_required","type":"negotiations"}],"request_id":"1765027355566c4391d07d6753725026"}
2025-12-06 16:22:35 | ERROR | hh_api.client:send_response_to_vacancy:301 | Ошибка отправки отклика на вакансию 128037077: Ошибка API: 403 - {"description":"Must process test first","errors":[{"value":"test_required","type":"negotiations"}],"request_id":"17650273556898083af3e9b5ae518027"}
2025-12-06 16:23:51 | ERROR | __main__:main:300 | 💥 Критическая ошибка: name 'TelegramError' is not defined
2025-12-06 16:35:29 | ERROR | __main__:main:300 | 💥 Критическая ошибка: name 'TelegramError' is not defined
2025-12-06 16:36:49 | ERROR | hh_api.client:send_response_to_vacancy:301 | Ошибка отправки отклика на вакансию 128332662: Ошибка API: 403 - {"description":"Must process test first","errors":[{"value":"test_required","type":"negotiations"}],"request_id":"17650282099285c7deda2cc8ed49a029"}
2025-12-06 16:36:49 | ERROR | hh_api.client:send_response_to_vacancy:301 | Ошибка отправки отклика на вакансию 128423864: Ошибка API: 403 - {"description":"Must process test first","errors":[{"value":"test_required","type":"negotiations"}],"request_id":"1765028209999b0578a58bcd8aad9029"}
2025-12-06 16:36:50 | ERROR | hh_api.client:send_response_to_vacancy:301 | Ошибка отправки отклика на вакансию 128119291: Ошибка API: 403 - {"description":"Must process test first","errors":[{"value":"test_required","type":"negotiations"}],"request_id":"1765028210061213c2af5b1e4b61a022"}
2025-12-06 16:36:50 | ERROR | hh_api.client:send_response_to_vacancy:301 | Ошибка отправки отклика на вакансию 128037077: Ошибка API: 403 - {"description":"Must process test first","errors":[{"value":"test_required","type":"negotiations"}],"request_id":"176502821055581cd8294a6e511d0022"}
2025-12-06 16:47:50 | ERROR | __main__:main:300 | 💥 Критическая ошибка: name 'TelegramError' is not defined
2025-12-06 16:48:12 | ERROR | hh_api.client:send_response_to_vacancy:301 | Ошибка отправки отклика на вакансию 128332662: Ошибка API: 403 - {"description":"Must process test first","errors":[{"value":"test_required","type":"negotiations"}],"request_id":"1765028892369e2eca34e9a9ff3d5023"}
2025-12-06 16:48:12 | ERROR | hh_api.client:send_response_to_vacancy:301 | Ошибка отправки отклика на вакансию 128423864: Ошибка API: 403 - {"description":"Must process test first","errors":[{"value":"test_required","type":"negotiations"}],"request_id":"1765028892451f8cacc0c2ea50a23023"}
2025-12-06 16:48:12 | ERROR | hh_api.client:send_response_to_vacancy:301 | Ошибка отправки отклика на вакансию 128037077: Ошибка API: 403 - {"description":"Must process test first","errors":[{"value":"test_required","type":"negotiations"}],"request_id":"17650288925342fa61b525c16c913023"}
2025-12-06 16:51:32 | ERROR | __main__:main:300 | 💥 Критическая ошибка: name 'TelegramError' is not defined
2025-12-06 16:55:27 | ERROR | hh_api.client:send_response_to_vacancy:301 | Ошибка отправки отклика на вакансию 128236966: Ошибка API: 403 - {"description":"Must process test first","errors":[{"value":"test_required","type":"negotiations"}],"request_id":"1765029328128d482895caedc19a1029"}
2025-12-06 16:55:28 | ERROR | hh_api.client:send_response_to_vacancy:301 | Ошибка отправки отклика на вакансию 128236454: Ошибка API: 403 - {"description":"Must process test first","errors":[{"value":"test_required","type":"negotiations"}],"request_id":"17650293281909c972c5ab8b26691027"}
2025-12-06 16:55:33 | ERROR | __main__:main:300 | 💥 Критическая ошибка: name 'TelegramError' is not defined
2025-12-06 16:55:43 | ERROR | hh_api.client:send_response_to_vacancy:301 | Ошибка отправки отклика на вакансию 128236966: Ошибка API: 403 - {"description":"Must process test first","errors":[{"value":"test_required","type":"negotiations"}],"request_id":"1765029343413b48c31fcdeba3ba3028"}
2025-12-06 16:55:43 | ERROR | hh_api.client:send_response_to_vacancy:301 | Ошибка отправки отклика на вакансию 128236454: Ошибка API: 403 - {"description":"Must process test first","errors":[{"value":"test_required","type":"negotiations"}],"request_id":"1765029343478867b973e0ac86967028"}
2025-12-06 16:55:53 | ERROR | hh_api.client:send_response_to_vacancy:301 | Ошибка отправки отклика на вакансию 128332662: Ошибка API: 403 - {"description":"Must process test first","errors":[{"value":"test_required","type":"negotiations"}],"request_id":"1765029353633197738a18ce8be6e025"}
2025-12-06 16:55:53 | ERROR | hh_api.client:send_response_to_vacancy:301 | Ошибка отправки отклика на вакансию 128423864: Ошибка API: 403 - {"description":"Must process test first","errors":[{"value":"test_required","type":"negotiations"}],"request_id":"1765029353729f0dd1a86ceb97cdb025"}
2025-12-06 16:56:54 | ERROR | hh_api.client:send_response_to_vacancy:301 | Ошибка отправки отклика на вакансию 128037077: Ошибка API: 403 - {"description":"Must process test first","errors":[{"value":"test_required","type":"negotiations"}],"request_id":"176502941444572ea3536c4437628023"}
2025-12-06 16:58:13 | ERROR | __main__:main:300 | 💥 Критическая ошибка: name 'TelegramError' is not defined
2025-12-06 16:58:29 | ERROR | hh_api.client:send_response_to_vacancy:301 | Ошибка отправки отклика на вакансию 128236966: Ошибка API: 403 - {"description":"Must process test first","errors":[{"value":"test_required","type":"negotiations"}],"request_id":"1765029509526882aabb1bc5f5765024"}
2025-12-06 16:58:29 | ERROR | hh_api.client:send_response_to_vacancy:301 | Ошибка отправки отклика на вакансию 128236454: Ошибка API: 403 - {"description":"Must process test first","errors":[{"value":"test_required","type":"negotiations"}],"request_id":"1765029509601a053bb9d4102bab6024"}
2025-12-06 16:58:29 | ERROR | hh_api.client:send_response_to_vacancy:301 | Ошибка отправки отклика на вакансию 128332662: Ошибка API: 403 - {"description":"Must process test first","errors":[{"value":"test_required","type":"negotiations"}],"request_id":"1765029509684842bcd1c9b2245c4024"}
2025-12-06 16:58:29 | ERROR | hh_api.client:send_response_to_vacancy:301 | Ошибка отправки отклика на вакансию 128423864: Ошибка API: 403 - {"description":"Must process test first","errors":[{"value":"test_required","type":"negotiations"}],"request_id":"17650295097634a61c64af363f8ca024"}
2025-12-06 16:58:29 | ERROR | hh_api.client:send_response_to_vacancy:301 | Ошибка отправки отклика на вакансию 128037077: Ошибка API: 403 - {"description":"Must process test first","errors":[{"value":"test_required","type":"negotiations"}],"request_id":"1765029509847797a7dffdf7324c0024"}
2025-12-06 17:00:00 | ERROR | hh_api.client:send_response_to_vacancy:301 | Ошибка отправки отклика на вакансию 128119291: Ошибка API: 403 - {"description":"Must process test first","errors":[{"value":"test_required","type":"negotiations"}],"request_id":"176502960102927d3e5d1b7137e60025"}
2025-12-06 17:01:32 | ERROR | hh_api.client:send_response_to_vacancy:301 | Ошибка отправки отклика на вакансию 127293418: Ошибка API: 403 - {"description":"Must process test first","errors":[{"value":"test_required","type":"negotiations"}],"request_id":"17650296923297df8d315b5b94450024"}
2025-12-06 17:01:42 | ERROR | hh_api.client:send_response_to_vacancy:301 | Ошибка отправки отклика на вакансию 128148882: Ошибка API: 403 - {"description":"Must process test first","errors":[{"value":"test_required","type":"negotiations"}],"request_id":"17650297026199e144f919dcc11e7024"}
2025-12-06 17:06:46 | ERROR | hh_api.client:send_response_to_vacancy:301 | Ошибка отправки отклика на вакансию 128480717: Ошибка API: 403 - {"description":"Must process test first","errors":[{"value":"test_required","type":"negotiations"}],"request_id":"17650300064165abde10274ef6270023"}
2025-12-06 17:15:53 | ERROR | hh_api.client:send_response_to_vacancy:301 | Ошибка отправки отклика на вакансию 127607947: Ошибка API: 403 - {"description":"Must process test first","errors":[{"value":"test_required","type":"negotiations"}],"request_id":"176503055416690c8d391c8d61b76028"}
2025-12-06 17:15:54 | ERROR | hh_api.client:send_response_to_vacancy:301 | Ошибка отправки отклика на вакансию 128082138: Ошибка API: 403 - {"description":"Must process test first","errors":[{"value":"test_required","type":"negotiations"}],"request_id":"1765030554243dd06322719c271da029"}
2025-12-06 17:48:50 | ERROR | hh_api.client:send_response_to_vacancy:301 | Ошибка отправки отклика на вакансию 128132076: Ошибка API: 403 - {"description":"Must process test first","errors":[{"value":"test_required","type":"negotiations"}],"request_id":"176503253074012abeddfc90773dd027"}
2025-12-06 18:18:40 | ERROR | hh_api.client:send_response_to_vacancy:301 | Ошибка отправки отклика на вакансию 123440677: Ошибка API: 403 - {"description":"Must process test first","errors":[{"value":"test_required","type":"negotiations"}],"request_id":"176503432069532b05ec56e26eea8023"}
2025-12-06 19:19:06 | ERROR | bot.handlers.main:responses_handler:726 | Ошибка получения истории откликов: 'DatabaseRepository' object has no attribute 'get_user_responses'
2025-12-06 19:37:31 | ERROR | hh_api.client:send_response_to_vacancy:301 | Ошибка отправки отклика на вакансию 128325464: Ошибка API: 403 - {"description":"Must process test first","errors":[{"value":"test_required","type":"negotiations"}],"request_id":"176503905215409db008bab04d54c028"}
2025-12-06 19:37:31 | ERROR | hh_api.client:send_response_to_vacancy:301 | Ошибка отправки отклика на вакансию 127945001: Ошибка API: 403 - {"description":"Must process test first","errors":[{"value":"test_required","type":"negotiations"}],"request_id":"1765039052233c3eac1869832b92c023"}
2025-12-06 19:45:10 | ERROR | hh_api.client:send_response_to_vacancy:301 | Ошибка отправки отклика на вакансию 120832607: Ошибка API: 403 - {"description":"Must process test first","errors":[{"value":"test_required","type":"negotiations"}],"request_id":"1765039511469cf9da484c4091d79024"}
2025-12-06 19:45:11 | ERROR | hh_api.client:send_response_to_vacancy:301 | Ошибка отправки отклика на вакансию 128255242: Ошибка API: 403 - {"description":"Must process test first","errors":[{"value":"test_required","type":"negotiations"}],"request_id":"17650395115769ac7dd2c97e2941b024"}
2025-12-07 00:11:06 | ERROR | hh_api.client:send_response_to_vacancy:301 | Ошибка отправки отклика на вакансию 127136515: Ошибка API: 403 - {"description":"Must process test first","errors":[{"value":"test_required","type":"negotiations"}],"request_id":"17650554684204e9442d861c25ac3022"}
2025-12-08 11:28:39 | ERROR | hh_api.auth:is_authenticated:186 | Токен недействителен: Ошибка соединения: Cannot connect to host api.hh.ru:443 ssl:default [Превышен таймаут семафора]
2025-12-08 15:20:27 | ERROR | hh_api.client:send_response_to_vacancy:301 | Ошибка отправки отклика на вакансию 128275826: Ошибка API: 403 - {"description":"Must process test first","errors":[{"value":"test_required","type":"negotiations"}],"request_id":"1765196431325068e68d763f4567a026"}
2025-12-10 11:52:04 | ERROR | hh_api.client:send_response_to_vacancy:301 | Ошибка отправки отклика на вакансию 128616790: Ошибка API: 403 - {"description":"Must process test first","errors":[{"value":"test_required","type":"negotiations"}],"request_id":"1765356727988ea74041c54802817023"}
2025-12-10 15:12:34 | ERROR | hh_api.client:send_response_to_vacancy:301 | Ошибка отправки отклика на вакансию 128629155: Ошибка API: 403 - {"description":"Must process test first","errors":[{"value":"test_required","type":"negotiations"}],"request_id":"17653687582748ab71fd520cfeeb0029"}
2025-12-11 21:38:24 | ERROR | __main__:main:300 | 💥 Критическая ошибка: name 'TelegramError' is not defined
2025-12-22 19:37:35 | ERROR | utils.scheduler:_find_suitable_vacancies:301 | Ошибка поиска вакансий: Ошибка API: 403 - {"errors":[{"type":"forbidden"}],"request_id":"1766421461328ffef3e3ceab70a9d024"}
2025-12-22 19:38:36 | ERROR | utils.scheduler:_find_suitable_vacancies:301 | Ошибка поиска вакансий: Ошибка API: 403 - {"errors":[{"type":"forbidden"}],"request_id":"1766421521509e448aa08e9b70d57029"}
2025-12-22 19:39:36 | ERROR | utils.scheduler:_find_suitable_vacancies:301 | Ошибка поиска вакансий: Ошибка API: 403 - {"errors":[{"type":"forbidden"}],"request_id":"1766421581652eb224ca092f222e7023"}
2025-12-22 19:40:36 | ERROR | utils.scheduler:_find_suitable_vacancies:301 | Ошибка поиска вакансий: Ошибка API: 403 - {"errors":[{"type":"forbidden"}],"request_id":"1766421641783092f3b6d9cdeca83029"}
2025-12-22 19:41:36 | ERROR | utils.scheduler:_find_suitable_vacancies:301 | Ошибка поиска вакансий: Ошибка API: 403 - {"errors":[{"type":"forbidden"}],"request_id":"17664217019886037523e2a219354028"}
2025-12-22 19:42:36 | ERROR | utils.scheduler:_find_suitable_vacancies:301 | Ошибка поиска вакансий: Ошибка API: 403 - {"errors":[{"type":"forbidden"}],"request_id":"1766421762134bfa6b601418b92d8028"}
2025-12-22 19:43:36 | ERROR | utils.scheduler:_find_suitable_vacancies:301 | Ошибка поиска вакансий: Ошибка API: 403 - {"errors":[{"type":"forbidden"}],"request_id":"176642182228524ce2525e578baa5025"}
2025-12-22 19:44:37 | ERROR | utils.scheduler:_find_suitable_vacancies:301 | Ошибка поиска вакансий: Ошибка API: 403 - {"errors":[{"type":"forbidden"}],"request_id":"1766421882497092747ad8b43158e024"}
2025-12-22 19:45:37 | ERROR | utils.scheduler:_find_suitable_vacancies:301 | Ошибка поиска вакансий: Ошибка API: 403 - {"errors":[{"type":"forbidden"}],"request_id":"1766421942741ac92fb683532a524027"}
2025-12-22 19:46:37 | ERROR | utils.scheduler:_find_suitable_vacancies:301 | Ошибка поиска вакансий: Ошибка API: 403 - {"errors":[{"type":"forbidden"}],"request_id":"1766422002912cc1317ec0c9ef533024"}
2025-12-22 19:47:37 | ERROR | utils.scheduler:_find_suitable_vacancies:301 | Ошибка поиска вакансий: Ошибка API: 403 - {"errors":[{"type":"forbidden"}],"request_id":"1766422063119573324f26b97370c025"}
2025-12-22 19:48:37 | ERROR | utils.scheduler:_find_suitable_vacancies:301 | Ошибка поиска вакансий: Ошибка API: 403 - {"errors":[{"type":"forbidden"}],"request_id":"1766422123361f938d7528a23dba7028"}
2025-12-22 19:49:38 | ERROR | utils.scheduler:_find_suitable_vacancies:301 | Ошибка поиска вакансий: Ошибка API: 403 - {"errors":[{"type":"forbidden"}],"request_id":"1766422183536ba2fc0748de5185c026"}
2025-12-22 19:50:38 | ERROR | utils.scheduler:_find_suitable_vacancies:301 | Ошибка поиска вакансий: Ошибка API: 403 - {"errors":[{"type":"forbidden"}],"request_id":"1766422243791a005076dacee6844026"}
2025-12-22 19:51:38 | ERROR | utils.scheduler:_find_suitable_vacancies:301 | Ошибка поиска вакансий: Ошибка API: 403 - {"errors":[{"type":"forbidden"}],"request_id":"176642230396967e9c3ee3b85c8f5025"}
2025-12-22 19:52:39 | ERROR | utils.scheduler:_find_suitable_vacancies:301 | Ошибка поиска вакансий: Ошибка API: 403 - {"errors":[{"type":"forbidden"}],"request_id":"1766422364130c0c8ae221359b44a028"}
2025-12-22 19:53:39 | ERROR | utils.scheduler:_find_suitable_vacancies:301 | Ошибка поиска вакансий: Ошибка API: 403 - {"errors":[{"type":"forbidden"}],"request_id":"1766422424600b5aa76beb7ba3d14027"}
2025-12-22 19:54:39 | ERROR | utils.scheduler:_find_suitable_vacancies:301 | Ошибка поиска вакансий: Ошибка API: 403 - {"errors":[{"type":"forbidden"}],"request_id":"1766422484786291a89ed8bd40eab024"}
2025-12-22 19:55:39 | ERROR | utils.scheduler:_find_suitable_vacancies:301 | Ошибка поиска вакансий: Ошибка API: 403 - {"errors":[{"type":"forbidden"}],"request_id":"1766422544950559250840a26c4b5027"}
2025-12-22 19:56:39 | ERROR | utils.scheduler:_find_suitable_vacancies:301 | Ошибка поиска вакансий: Ошибка API: 403 - {"errors":[{"type":"forbidden"}],"request_id":"1766422605109ab0355b3825883c9028"}
2025-12-22 19:57:39 | ERROR | utils.scheduler:_find_suitable_vacancies:301 | Ошибка поиска вакансий: Ошибка API: 403 - {"errors":[{"type":"forbidden"}],"request_id":"17664226652861ac29977c65b4cd2028"}
2025-12-22 19:58:40 | ERROR | utils.scheduler:_find_suitable_vacancies:301 | Ошибка поиска вакансий: Ошибка API: 403 - {"errors":[{"type":"forbidden"}],"request_id":"1766422725443a7cd78f575491b4d029"}
2025-12-22 19:59:40 | ERROR | utils.scheduler:_find_suitable_vacancies:301 | Ошибка поиска вакансий: Ошибка API: 403 - {"errors":[{"type":"forbidden"}],"request_id":"17664227855796216198fd40bc3f3028"}
2025-12-22 20:00:40 | ERROR | utils.scheduler:_find_suitable_vacancies:301 | Ошибка поиска вакансий: Ошибка API: 403 - {"errors":[{"type":"forbidden"}],"request_id":"176642284576134661fbb71c87a19028"}
2025-12-22 20:01:40 | ERROR | utils.scheduler:_find_suitable_vacancies:301 | Ошибка поиска вакансий: Ошибка API: 403 - {"errors":[{"type":"forbidden"}],"request_id":"176642290592572b38aa30f28ce17029"}
2025-12-22 20:02:40 | ERROR | utils.scheduler:_find_suitable_vacancies:301 | Ошибка поиска вакансий: Ошибка API: 403 - {"errors":[{"type":"forbidden"}],"request_id":"17664229661069f888273d8f890ce027"}
2025-12-22 20:03:40 | ERROR | utils.scheduler:_find_suitable_vacancies:301 | Ошибка поиска вакансий: Ошибка API: 403 - {"errors":[{"type":"forbidden"}],"request_id":"176642302625236a53bcfc4074aa6023"}
2025-12-22 20:04:40 | ERROR | utils.scheduler:_find_suitable_vacancies:301 | Ошибка поиска вакансий: Ошибка API: 403 - {"errors":[{"type":"forbidden"}],"request_id":"176642308641610d8adc561e658fe028"}
2025-12-22 20:05:41 | ERROR | utils.scheduler:_find_suitable_vacancies:301 | Ошибка поиска вакансий: Ошибка API: 403 - {"errors":[{"type":"forbidden"}],"request_id":"176642314658389d8547e520f7fcd025"}
2025-12-22 20:06:41 | ERROR | utils.scheduler:_find_suitable_vacancies:301 | Ошибка поиска вакансий: Ошибка API: 403 - {"errors":[{"type":"forbidden"}],"request_id":"1766423206755f9d894ea1c03d4c9028"}
2025-12-22 20:07:41 | ERROR | utils.scheduler:_find_suitable_vacancies:301 | Ошибка поиска вакансий: Ошибка API: 403 - {"errors":[{"type":"forbidden"}],"request_id":"17664232668941f98a277af5cf123029"}
2025-12-22 20:08:41 | ERROR | utils.scheduler:_find_suitable_vacancies:301 | Ошибка поиска вакансий: Ошибка API: 403 - {"errors":[{"type":"forbidden"}],"request_id":"1766423327051da4699a0f08fbed4029"}
2025-12-22 20:09:41 | ERROR | utils.scheduler:_find_suitable_vacancies:301 | Ошибка поиска вакансий: Ошибка API: 403 - {"errors":[{"type":"forbidden"}],"request_id":"1766423387199b12f8086be7b8a5e024"}
2025-12-22 20:10:42 | ERROR | utils.scheduler:_find_suitable_vacancies:301 | Ошибка поиска вакансий: Ошибка API: 403 - {"errors":[{"type":"forbidden"}],"request_id":"176642344776856f509645b74a0c6023"}
2025-12-22 20:11:42 | ERROR | utils.scheduler:_find_suitable_vacancies:301 | Ошибка поиска вакансий: Ошибка API: 403 - {"errors":[{"type":"forbidden"}],"request_id":"1766423507922295f24c78301054d023"}
2025-12-22 20:12:43 | ERROR | utils.scheduler:_find_suitable_vacancies:301 | Ошибка поиска вакансий: Ошибка API: 403 - {"errors":[{"type":"forbidden"}],"request_id":"1766423568140b225caf5035c25b4027"}
2025-12-22 20:13:43 | ERROR | utils.scheduler:_find_suitable_vacancies:301 | Ошибка поиска вакансий: Ошибка API: 403 - {"errors":[{"type":"forbidden"}],"request_id":"176642362867582c31432f814fecf023"}
2025-12-22 20:14:43 | ERROR | utils.scheduler:_find_suitable_vacancies:301 | Ошибка поиска вакансий: Ошибка API: 403 - {"errors":[{"type":"forbidden"}],"request_id":"17664236888582328d08f80e2ce3b029"}
2025-12-22 20:15:44 | ERROR | utils.scheduler:_find_suitable_vacancies:301 | Ошибка поиска вакансий: Ошибка API: 403 - {"errors":[{"type":"forbidden"}],"request_id":"1766423749767b559d1de8e8313f1022"}
2025-12-22 20:16:44 | ERROR | utils.scheduler:_find_suitable_vacancies:301 | Ошибка поиска вакансий: Ошибка API: 403 - {"errors":[{"type":"forbidden"}],"request_id":"17664238099059f13ba264796f540022"}
2025-12-22 20:17:44 | ERROR | utils.scheduler:_find_suitable_vacancies:301 | Ошибка поиска вакансий: Ошибка API: 403 - {"errors":[{"type":"forbidden"}],"request_id":"1766423870093e6df5f3be3ba3292029"}
2025-12-22 20:18:44 | ERROR | utils.scheduler:_find_suitable_vacancies:301 | Ошибка поиска вакансий: Ошибка API: 403 - {"errors":[{"type":"forbidden"}],"request_id":"1766423930278fa4758cd728c2e9e029"}
2025-12-22 20:19:44 | ERROR | utils.scheduler:_find_suitable_vacancies:301 | Ошибка поиска вакансий: Ошибка API: 403 - {"errors":[{"type":"forbidden"}],"request_id":"17664239904592f74d26140450508027"}
2025-12-22 20:20:45 | ERROR | utils.scheduler:_find_suitable_vacancies:301 | Ошибка поиска вакансий: Ошибка API: 403 - {"errors":[{"type":"forbidden"}],"request_id":"176642405059942305e66f0371b2e023"}
2025-12-22 20:21:45 | ERROR | utils.scheduler:_find_suitable_vacancies:301 | Ошибка поиска вакансий: Ошибка API: 403 - {"errors":[{"type":"forbidden"}],"request_id":"17664241107727b26ea84c25d9c8c024"}
2025-12-22 20:22:45 | ERROR | utils.scheduler:_find_suitable_vacancies:301 | Ошибка поиска вакансий: Ошибка API: 403 - {"errors":[{"type":"forbidden"}],"request_id":"176642417097633b56e7845164b68022"}
2025-12-22 20:23:45 | ERROR | utils.scheduler:_find_suitable_vacancies:301 | Ошибка поиска вакансий: Ошибка API: 403 - {"errors":[{"type":"forbidden"}],"request_id":"17664242311185be8aaaef5c344c0027"}
2025-12-22 20:24:45 | ERROR | utils.scheduler:_find_suitable_vacancies:301 | Ошибка поиска вакансий: Ошибка API: 403 - {"errors":[{"type":"forbidden"}],"request_id":"1766424291312001043321e8bc61d026"}
2025-12-22 20:25:46 | ERROR | utils.scheduler:_find_suitable_vacancies:301 | Ошибка поиска вакансий: Ошибка API: 403 - {"errors":[{"type":"forbidden"}],"request_id":"176642435149111028022d6e2c4ca026"}
2025-12-22 20:26:46 | ERROR | utils.scheduler:_find_suitable_vacancies:301 | Ошибка поиска вакансий: Ошибка API: 403 - {"errors":[{"type":"forbidden"}],"request_id":"1766424411832e8b4be0ae8a7360d027"}
2025-12-22 20:27:46 | ERROR | utils.scheduler:_find_suitable_vacancies:301 | Ошибка поиска вакансий: Ошибка API: 403 - {"errors":[{"type":"forbidden"}],"request_id":"17664244719733d27fdb79873d49a029"}
2025-12-22 20:28:46 | ERROR | utils.scheduler:_find_suitable_vacancies:301 | Ошибка поиска вакансий: Ошибка API: 403 - {"errors":[{"type":"forbidden"}],"request_id":"17664245321607b589f32bba966f5025"}
2025-12-22 20:29:46 | ERROR | utils.scheduler:_find_suitable_vacancies:301 | Ошибка поиска вакансий: Ошибка API: 403 - {"errors":[{"type":"forbidden"}],"request_id":"1766424592413f786ef0acdf6f7a9029"}
2025-12-22 20:30:47 | ERROR | utils.scheduler:_find_suitable_vacancies:301 | Ошибка поиска вакансий: Ошибка API: 403 - {"errors":[{"type":"forbidden"}],"request_id":"17664246525600bb598b6760f1eb7023"}
2025-12-22 20:31:47 | ERROR | utils.scheduler:_find_suitable_vacancies:301 | Ошибка поиска вакансий: Ошибка API: 403 - {"errors":[{"type":"forbidden"}],"request_id":"1766424712715e2e2656593332a7b023"}
2025-12-22 20:32:47 | ERROR | utils.scheduler:_find_suitable_vacancies:301 | Ошибка поиска вакансий: Ошибка API: 403 - {"errors":[{"type":"forbidden"}],"request_id":"176642477289786442a9445659d1a024"}
2025-12-22 20:33:47 | ERROR | utils.scheduler:_find_suitable_vacancies:301 | Ошибка поиска вакансий: Ошибка API: 403 - {"errors":[{"type":"forbidden"}],"request_id":"1766424833061b90edb3a9beeba98027"}
2025-12-22 20:34:47 | ERROR | utils.scheduler:_find_suitable_vacancies:301 | Ошибка поиска вакансий: Ошибка API: 403 - {"errors":[{"type":"forbidden"}],"request_id":"17664248932168a494c7f2b7107f2022"}
2025-12-22 20:35:47 | ERROR | utils.scheduler:_find_suitable_vacancies:301 | Ошибка поиска вакансий: Ошибка API: 403 - {"errors":[{"type":"forbidden"}],"request_id":"1766424953499e3022677b66fc8d2023"}
2025-12-22 20:36:48 | ERROR | utils.scheduler:_find_suitable_vacancies:301 | Ошибка поиска вакансий: Ошибка API: 403 - {"errors":[{"type":"forbidden"}],"request_id":"1766425013641a72ca77f84cac7f1024"}
2025-12-22 20:37:48 | ERROR | utils.scheduler:_find_suitable_vacancies:301 | Ошибка поиска вакансий: Ошибка API: 403 - {"errors":[{"type":"forbidden"}],"request_id":"1766425073754078d628a46e15249023"}
2025-12-22 20:38:48 | ERROR | utils.scheduler:_find_suitable_vacancies:301 | Ошибка поиска вакансий: Ошибка API: 403 - {"errors":[{"type":"forbidden"}],"request_id":"1766425133940e1fd066e65cdecc9027"}
2025-12-22 20:39:48 | ERROR | utils.scheduler:_find_suitable_vacancies:301 | Ошибка поиска вакансий: Ошибка API: 403 - {"errors":[{"type":"forbidden"}],"request_id":"17664251941105794967e2ef20c51027"}
2025-12-22 20:40:48 | ERROR | utils.scheduler:_find_suitable_vacancies:301 | Ошибка поиска вакансий: Ошибка API: 403 - {"errors":[{"type":"forbidden"}],"request_id":"1766425254298965e659800459083024"}
2025-12-22 20:41:48 | ERROR | utils.scheduler:_find_suitable_vacancies:301 | Ошибка поиска вакансий: Ошибка API: 403 - {"errors":[{"type":"forbidden"}],"request_id":"1766425314456bc6eff44263d80c3022"}
2025-12-22 20:42:49 | ERROR | utils.scheduler:_find_suitable_vacancies:301 | Ошибка поиска вакансий: Ошибка API: 403 - {"errors":[{"type":"forbidden"}],"request_id":"1766425374609fc2148d597c1c1bc029"}
2025-12-22 20:43:49 | ERROR | utils.scheduler:_find_suitable_vacancies:301 | Ошибка поиска вакансий: Ошибка API: 403 - {"errors":[{"type":"forbidden"}],"request_id":"176642543475137c6c2fb53cd72a3024"}
2025-12-22 20:44:49 | ERROR | utils.scheduler:_find_suitable_vacancies:301 | Ошибка поиска вакансий: Ошибка API: 403 - {"errors":[{"type":"forbidden"}],"request_id":"17664254948741bce30028360e52c026"}
2025-12-22 20:45:49 | ERROR | utils.scheduler:_find_suitable_vacancies:301 | Ошибка поиска вакансий: Ошибка API: 403 - {"errors":[{"type":"forbidden"}],"request_id":"1766425555050df87877fa97d8aee025"}
2025-12-22 20:46:49 | ERROR | utils.scheduler:_find_suitable_vacancies:301 | Ошибка поиска вакансий: Ошибка API: 403 - {"errors":[{"type":"forbidden"}],"request_id":"17664256152391b7e3f8af4c590c0024"}
2025-12-22 20:47:49 | ERROR | utils.scheduler:_find_suitable_vacancies:301 | Ошибка поиска вакансий: Ошибка API: 403 - {"errors":[{"type":"forbidden"}],"request_id":"17664256754234f49590bfcd3bb37026"}
2025-12-22 20:48:50 | ERROR | utils.scheduler:_find_suitable_vacancies:301 | Ошибка поиска вакансий: Ошибка API: 403 - {"errors":[{"type":"forbidden"}],"request_id":"17664257355988abc6efc98be918e023"}
2025-12-22 20:49:50 | ERROR | utils.scheduler:_find_suitable_vacancies:301 | Ошибка поиска вакансий: Ошибка API: 403 - {"errors":[{"type":"forbidden"}],"request_id":"1766425795787cf9449e1da844f8f023"}
2025-12-22 20:50:50 | ERROR | utils.scheduler:_find_suitable_vacancies:301 | Ошибка поиска вакансий: Ошибка API: 403 - {"errors":[{"type":"forbidden"}],"request_id":"17664258559497157b54f7d44b07d026"}
2025-12-22 20:51:50 | ERROR | utils.scheduler:_find_suitable_vacancies:301 | Ошибка поиска вакансий: Ошибка API: 403 - {"errors":[{"type":"forbidden"}],"request_id":"17664259161457d3e6b1220134ce3023"}
2025-12-22 20:52:50 | ERROR | utils.scheduler:_find_suitable_vacancies:301 | Ошибка поиска вакансий: Ошибка API: 403 - {"errors":[{"type":"forbidden"}],"request_id":"1766425976308fdd6f620fc73a784023"}
2025-12-22 20:53:50 | ERROR | utils.scheduler:_find_suitable_vacancies:301 | Ошибка поиска вакансий: Ошибка API: 403 - {"errors":[{"type":"forbidden"}],"request_id":"1766426036452508cbc29cfd13582028"}
2025-12-22 20:54:51 | ERROR | utils.scheduler:_find_suitable_vacancies:301 | Ошибка поиска вакансий: Ошибка API: 403 - {"errors":[{"type":"forbidden"}],"request_id":"1766426096603597e6f7841adad97029"}
2025-12-22 20:55:51 | ERROR | utils.scheduler:_find_suitable_vacancies:301 | Ошибка поиска вакансий: Ошибка API: 403 - {"errors":[{"type":"forbidden"}],"request_id":"17664261567729887d4a3448fa95c028"}
2025-12-22 20:56:51 | ERROR | utils.scheduler:_find_suitable_vacancies:301 | Ошибка поиска вакансий: Ошибка API: 403 - {"errors":[{"type":"forbidden"}],"request_id":"176642621721855c68d2277fe85a9027"}
2025-12-22 20:57:51 | ERROR | utils.scheduler:_find_suitable_vacancies:301 | Ошибка поиска вакансий: Ошибка API: 403 - {"errors":[{"type":"forbidden"}],"request_id":"176642627737491ad6561fae15124023"}
2025-12-22 20:58:51 | ERROR | utils.scheduler:_find_suitable_vacancies:301 | Ошибка поиска вакансий: Ошибка API: 403 - {"errors":[{"type":"forbidden"}],"request_id":"1766426337552a4bf8a110d121488029"}
2025-12-22 20:59:52 | ERROR | utils.scheduler:_find_suitable_vacancies:301 | Ошибка поиска вакансий: Ошибка API: 403 - {"errors":[{"type":"forbidden"}],"request_id":"1766426397751afe4ca806cf8a38a022"}
2025-12-22 21:00:52 | ERROR | utils.scheduler:_find_suitable_vacancies:301 | Ошибка поиска вакансий: Ошибка API: 403 - {"errors":[{"type":"forbidden"}],"request_id":"1766426457916d15ec03f54f01d5b029"}
2025-12-22 21:02:04 | ERROR | utils.scheduler:_find_suitable_vacancies:301 | Ошибка поиска вакансий: Ошибка API: 403 - {"errors":[{"type":"forbidden"}],"request_id":"1766426530368929b90127955935e028"}
2025-12-22 21:03:04 | ERROR | utils.scheduler:_find_suitable_vacancies:301 | Ошибка поиска вакансий: Ошибка API: 403 - {"errors":[{"type":"forbidden"}],"request_id":"17664265905551fcb40cd8f7db391029"}
2025-12-22 21:04:05 | ERROR | utils.scheduler:_find_suitable_vacancies:301 | Ошибка поиска вакансий: Ошибка API: 403 - {"errors":[{"type":"forbidden"}],"request_id":"17664266507221271976ed56f274b022"}
2025-12-22 21:05:05 | ERROR | utils.scheduler:_find_suitable_vacancies:301 | Ошибка поиска вакансий: Ошибка API: 403 - {"errors":[{"type":"forbidden"}],"request_id":"1766426710837bafd04fbdacc9574023"}
2025-12-22 21:06:05 | ERROR | utils.scheduler:_find_suitable_vacancies:301 | Ошибка поиска вакансий: Ошибка API: 403 - {"errors":[{"type":"forbidden"}],"request_id":"176642677102304bc5795d282f76e025"}
2025-12-22 21:07:05 | ERROR | utils.scheduler:_find_suitable_vacancies:301 | Ошибка поиска вакансий: Ошибка API: 403 - {"errors":[{"type":"forbidden"}],"request_id":"1766426831196c2ef5907d927a48d027"}
2025-12-22 21:08:05 | ERROR | utils.scheduler:_find_suitable_vacancies:301 | Ошибка поиска вакансий: Ошибка API: 403 - {"errors":[{"type":"forbidden"}],"request_id":"1766426891391fed910671c77c20f029"}
2025-12-22 21:09:06 | ERROR | utils.scheduler:_find_suitable_vacancies:301 | Ошибка поиска вакансий: Ошибка API: 403 - {"errors":[{"type":"forbidden"}],"request_id":"17664269515790b4c6ae2fa61c0d4025"}
2025-12-22 21:10:06 | ERROR | utils.scheduler:_find_suitable_vacancies:301 | Ошибка поиска вакансий: Ошибка API: 403 - {"errors":[{"type":"forbidden"}],"request_id":"1766427011864684f747e937999fd026"}
2025-12-22 21:11:06 | ERROR | utils.scheduler:_find_suitable_vacancies:301 | Ошибка поиска вакансий: Ошибка API: 403 - {"errors":[{"type":"forbidden"}],"request_id":"176642707203006ea5ab53b21535a023"}
2025-12-22 21:12:06 | ERROR | utils.scheduler:_find_suitable_vacancies:301 | Ошибка поиска вакансий: Ошибка API: 403 - {"errors":[{"type":"forbidden"}],"request_id":"17664271321598153ecb5230612fd024"}
2025-12-22 21:13:06 | ERROR | utils.scheduler:_find_suitable_vacancies:301 | Ошибка поиска вакансий: Ошибка API: 403 - {"errors":[{"type":"forbidden"}],"request_id":"176642719229306877b70431b489e026"}
2025-12-22 21:14:06 | ERROR | utils.scheduler:_find_suitable_vacancies:301 | Ошибка поиска вакансий: Ошибка API: 403 - {"errors":[{"type":"forbidden"}],"request_id":"1766427252478f7a62db3cd7f104f026"}
2025-12-22 21:15:07 | ERROR | utils.scheduler:_find_suitable_vacancies:301 | Ошибка поиска вакансий: Ошибка API: 403 - {"errors":[{"type":"forbidden"}],"request_id":"1766427312674d9a5a3669c5d161d028"}
2025-12-22 21:16:07 | ERROR | utils.scheduler:_find_suitable_vacancies:301 | Ошибка поиска вакансий: Ошибка API: 403 - {"errors":[{"type":"forbidden"}],"request_id":"1766427372813fd5ca5a9f0a6e82f022"}
2025-12-22 21:17:07 | ERROR | utils.scheduler:_find_suitable_vacancies:301 | Ошибка поиска вакансий: Ошибка API: 403 - {"errors":[{"type":"forbidden"}],"request_id":"17664274329864024f7f9084dcf3c023"}
2025-12-22 21:18:07 | ERROR | utils.scheduler:_find_suitable_vacancies:301 | Ошибка поиска вакансий: Ошибка API: 403 - {"errors":[{"type":"forbidden"}],"request_id":"176642749359776eb21195ff8ce55024"}
2025-12-22 21:19:08 | ERROR | utils.scheduler:_find_suitable_vacancies:301 | Ошибка поиска вакансий: Ошибка API: 403 - {"errors":[{"type":"forbidden"}],"request_id":"1766427553708a015708e6d5e0282024"}
2025-12-22 21:20:08 | ERROR | utils.scheduler:_find_suitable_vacancies:301 | Ошибка поиска вакансий: Ошибка API: 403 - {"errors":[{"type":"forbidden"}],"request_id":"1766427613899ea4b9b618e3918a4022"}
2025-12-22 21:21:08 | ERROR | utils.scheduler:_find_suitable_vacancies:301 | Ошибка поиска вакансий: Ошибка API: 403 - {"errors":[{"type":"forbidden"}],"request_id":"1766427674067821281c2f51737f8025"}
2025-12-22 21:22:08 | ERROR | utils.scheduler:_find_suitable_vacancies:301 | Ошибка поиска вакансий: Ошибка API: 403 - {"errors":[{"type":"forbidden"}],"request_id":"1766427734262c4709510cb5c1ccf022"}
2025-12-22 21:23:08 | ERROR | utils.scheduler:_find_suitable_vacancies:301 | Ошибка поиска вакансий: Ошибка API: 403 - {"errors":[{"type":"forbidden"}],"request_id":"1766427794416b20a775329d1f648025"}
2025-12-22 21:24:08 | ERROR | utils.scheduler:_find_suitable_vacancies:301 | Ошибка поиска вакансий: Ошибка API: 403 - {"errors":[{"type":"forbidden"}],"request_id":"17664278545408059719ace0d6abd023"}
2025-12-22 21:25:09 | ERROR | utils.scheduler:_find_suitable_vacancies:301 | Ошибка поиска вакансий: Ошибка API: 403 - {"errors":[{"type":"forbidden"}],"request_id":"17664279147299a1e0a803b8112b9022"}
2025-12-22 21:26:09 | ERROR | utils.scheduler:_find_suitable_vacancies:301 | Ошибка поиска вакансий: Ошибка API: 403 - {"errors":[{"type":"forbidden"}],"request_id":"176642797489324d4394461752e8f028"}
2025-12-22 21:27:09 | ERROR | utils.scheduler:_find_suitable_vacancies:301 | Ошибка поиска вакансий: Ошибка API: 403 - {"errors":[{"type":"forbidden"}],"request_id":"176642803505915b751176945820a024"}
2025-12-22 21:28:09 | ERROR | utils.scheduler:_find_suitable_vacancies:301 | Ошибка поиска вакансий: Ошибка API: 403 - {"errors":[{"type":"forbidden"}],"request_id":"1766428095240f37a607b91cfeef8026"}
2025-12-22 21:29:09 | ERROR | utils.scheduler:_find_suitable_vacancies:301 | Ошибка поиска вакансий: Ошибка API: 403 - {"errors":[{"type":"forbidden"}],"request_id":"1766428155411e787db3a8c6504ef024"}
2025-12-22 21:30:09 | ERROR | utils.scheduler:_find_suitable_vacancies:301 | Ошибка поиска вакансий: Ошибка API: 403 - {"errors":[{"type":"forbidden"}],"request_id":"17664282155964667fcca5977b6f7027"}
2025-12-22 21:31:10 | ERROR | utils.scheduler:_find_suitable_vacancies:301 | Ошибка поиска вакансий: Ошибка API: 403 - {"errors":[{"type":"forbidden"}],"request_id":"176642827571861b3b81d9eb07304026"}
2025-12-22 21:32:10 | ERROR | utils.scheduler:_find_suitable_vacancies:301 | Ошибка поиска вакансий: Ошибка API: 403 - {"errors":[{"type":"forbidden"}],"request_id":"176642833596720e1e90dedcdfddf027"}
2025-12-22 21:33:10 | ERROR | utils.scheduler:_find_suitable_vacancies:301 | Ошибка поиска вакансий: Ошибка API: 403 - {"errors":[{"type":"forbidden"}],"request_id":"1766428396147ea318b5588d77976027"}
2025-12-22 21:34:10 | ERROR | utils.scheduler:_find_suitable_vacancies:301 | Ошибка поиска вакансий: Ошибка API: 403 - {"errors":[{"type":"forbidden"}],"request_id":"1766428456344cf39a9c90287b90e022"}
2025-12-22 21:35:10 | ERROR | utils.scheduler:_find_suitable_vacancies:301 | Ошибка поиска вакансий: Ошибка API: 403 - {"errors":[{"type":"forbidden"}],"request_id":"1766428516520b3f8e05ad2fffcd9023"}
2025-12-22 21:36:11 | ERROR | utils.scheduler:_find_suitable_vacancies:301 | Ошибка поиска вакансий: Ошибка API: 403 - {"errors":[{"type":"forbidden"}],"request_id":"176642857668061bdc9a72b3e279d022"}
2025-12-22 21:37:11 | ERROR | utils.scheduler:_find_suitable_vacancies:301 | Ошибка поиска вакансий: Ошибка API: 403 - {"errors":[{"type":"forbidden"}],"request_id":"17664286370686a15af1d260e4a2b029"}
2025-12-22 21:38:11 | ERROR | utils.scheduler:_find_suitable_vacancies:301 | Ошибка поиска вакансий: Ошибка API: 403 - {"errors":[{"type":"forbidden"}],"request_id":"1766428697207af57b7f3bae0b835026"}
2025-12-22 21:39:11 | ERROR | utils.scheduler:_find_suitable_vacancies:301 | Ошибка поиска вакансий: Ошибка API: 403 - {"errors":[{"type":"forbidden"}],"request_id":"1766428757393c583d49d08a8fe27027"}
2025-12-22 21:40:11 | ERROR | utils.scheduler:_find_suitable_vacancies:301 | Ошибка поиска вакансий: Ошибка API: 403 - {"errors":[{"type":"forbidden"}],"request_id":"1766428817535dff157b7caef6684026"}
2025-12-22 21:41:12 | ERROR | utils.scheduler:_find_suitable_vacancies:301 | Ошибка поиска вакансий: Ошибка API: 403 - {"errors":[{"type":"forbidden"}],"request_id":"1766428877752422a2f1f25e8f3f0028"}
2025-12-22 21:42:12 | ERROR | utils.scheduler:_find_suitable_vacancies:301 | Ошибка поиска вакансий: Ошибка API: 403 - {"errors":[{"type":"forbidden"}],"request_id":"1766428937955e13367159bdef3b9025"}
2025-12-22 21:43:12 | ERROR | utils.scheduler:_find_suitable_vacancies:301 | Ошибка поиска вакансий: Ошибка API: 403 - {"errors":[{"type":"forbidden"}],"request_id":"1766428998115e3acfd25b352c33b027"}
2025-12-22 21:44:12 | ERROR | utils.scheduler:_find_suitable_vacancies:301 | Ошибка поиска вакансий: Ошибка API: 403 - {"errors":[{"type":"forbidden"}],"request_id":"176642905825031e2805b75a036b7023"}
2025-12-22 21:45:12 | ERROR | utils.scheduler:_find_suitable_vacancies:301 | Ошибка поиска вакансий: Ошибка API: 403 - {"errors":[{"type":"forbidden"}],"request_id":"17664291184234e5e665bc07a8d74028"}
2025-12-22 21:46:12 | ERROR | utils.scheduler:_find_suitable_vacancies:301 | Ошибка поиска вакансий: Ошибка API: 403 - {"errors":[{"type":"forbidden"}],"request_id":"1766429178608585e31b6acf997c5023"}
2025-12-22 21:47:13 | ERROR | utils.scheduler:_find_suitable_vacancies:301 | Ошибка поиска вакансий: Ошибка API: 403 - {"errors":[{"type":"forbidden"}],"request_id":"1766429238801254d5926b5a1e856026"}
2025-12-22 21:48:13 | ERROR | utils.scheduler:_find_suitable_vacancies:301 | Ошибка поиска вакансий: Ошибка API: 403 - {"errors":[{"type":"forbidden"}],"request_id":"1766429298958a378bb0d3abae131029"}
2025-12-22 21:49:13 | ERROR | utils.scheduler:_find_suitable_vacancies:301 | Ошибка поиска вакансий: Ошибка API: 403 - {"errors":[{"type":"forbidden"}],"request_id":"17664293591205b15cf831cbdeb6c024"}
2025-12-22 21:50:13 | ERROR | utils.scheduler:_find_suitable_vacancies:301 | Ошибка поиска вакансий: Ошибка API: 403 - {"errors":[{"type":"forbidden"}],"request_id":"1766429419296fabe79269beec6f9028"}
2025-12-22 21:51:13 | ERROR | utils.scheduler:_find_suitable_vacancies:301 | Ошибка поиска вакансий: Ошибка API: 403 - {"errors":[{"type":"forbidden"}],"request_id":"17664294794792b225c2438a2a26a027"}
2025-12-22 21:52:13 | ERROR | utils.scheduler:_find_suitable_vacancies:301 | Ошибка поиска вакансий: Ошибка API: 403 - {"errors":[{"type":"forbidden"}],"request_id":"1766429539632f43b20122d5f1ffd029"}
2025-12-22 21:53:14 | ERROR | utils.scheduler:_find_suitable_vacancies:301 | Ошибка поиска вакансий: Ошибка API: 403 - {"errors":[{"type":"forbidden"}],"request_id":"176642960003309a969ccf2701cd5024"}
2025-12-22 21:54:14 | ERROR | utils.scheduler:_find_suitable_vacancies:301 | Ошибка поиска вакансий: Ошибка API: 403 - {"errors":[{"type":"forbidden"}],"request_id":"176642966021235e4f17b0ccfe72e029"}
2025-12-22 21:55:14 | ERROR | utils.scheduler:_find_suitable_vacancies:301 | Ошибка поиска вакансий: Ошибка API: 403 - {"errors":[{"type":"forbidden"}],"request_id":"17664297203951e9b6f44030651d0027"}
2025-12-22 21:56:14 | ERROR | utils.scheduler:_find_suitable_vacancies:301 | Ошибка поиска вакансий: Ошибка API: 403 - {"errors":[{"type":"forbidden"}],"request_id":"17664297805267af6efd780609f1b024"}
2025-12-22 21:57:14 | ERROR | utils.scheduler:_find_suitable_vacancies:301 | Ошибка поиска вакансий: Ошибка API: 403 - {"errors":[{"type":"forbidden"}],"request_id":"17664298406836e49634adf465fab024"}
2025-12-22 21:58:15 | ERROR | utils.scheduler:_find_suitable_vacancies:301 | Ошибка поиска вакансий: Ошибка API: 403 - {"errors":[{"type":"forbidden"}],"request_id":"17664299008653c596243eb347153022"}
2025-12-22 21:59:17 | ERROR | utils.scheduler:_find_suitable_vacancies:301 | Ошибка поиска вакансий: Ошибка API: 403 - {"errors":[{"type":"forbidden"}],"request_id":"1766429962849e99c4176a7b933f0025"}
2025-12-22 22:00:17 | ERROR | utils.scheduler:_find_suitable_vacancies:301 | Ошибка поиска вакансий: Ошибка API: 403 - {"errors":[{"type":"forbidden"}],"request_id":"17664300230650eb05154998c843a024"}
2025-12-22 22:01:17 | ERROR | utils.scheduler:_find_suitable_vacancies:301 | Ошибка поиска вакансий: Ошибка API: 403 - {"errors":[{"type":"forbidden"}],"request_id":"176643008317909f3f244b8073ddd023"}
2025-12-22 22:02:17 | ERROR | utils.scheduler:_find_suitable_vacancies:301 | Ошибка поиска вакансий: Ошибка API: 403 - {"errors":[{"type":"forbidden"}],"request_id":"1766430143332d7460db159222e69024"}
2025-12-22 22:03:17 | ERROR | utils.scheduler:_find_suitable_vacancies:301 | Ошибка поиска вакансий: Ошибка API: 403 - {"errors":[{"type":"forbidden"}],"request_id":"176643020349409432a683832890b027"}
2025-12-22 22:04:18 | ERROR | utils.scheduler:_find_suitable_vacancies:301 | Ошибка поиска вакансий: Ошибка API: 403 - {"errors":[{"type":"forbidden"}],"request_id":"17664302638683c6176865f865be6026"}
2025-12-22 22:05:18 | ERROR | utils.scheduler:_find_suitable_vacancies:301 | Ошибка поиска вакансий: Ошибка API: 403 - {"errors":[{"type":"forbidden"}],"request_id":"17664303240524817061740c95a0e027"}
2025-12-22 22:06:18 | ERROR | utils.scheduler:_find_suitable_vacancies:301 | Ошибка поиска вакансий: Ошибка API: 403 - {"errors":[{"type":"forbidden"}],"request_id":"17664303841707752a3f71955c53a027"}
2025-12-22 22:07:18 | ERROR | utils.scheduler:_find_suitable_vacancies:301 | Ошибка поиска вакансий: Ошибка API: 403 - {"errors":[{"type":"forbidden"}],"request_id":"176643044434409b2fa6ba5532fff029"}
2025-12-22 22:08:18 | ERROR | utils.scheduler:_find_suitable_vacancies:301 | Ошибка поиска вакансий: Ошибка API: 403 - {"errors":[{"type":"forbidden"}],"request_id":"1766430504530ebd0866e49433b14025"}
2025-12-22 22:09:18 | ERROR | utils.scheduler:_find_suitable_vacancies:301 | Ошибка поиска вакансий: Ошибка API: 403 - {"errors":[{"type":"forbidden"}],"request_id":"1766430564716f993d436305f50a2024"}
2025-12-22 22:10:19 | ERROR | utils.scheduler:_find_suitable_vacancies:301 | Ошибка поиска вакансий: Ошибка API: 403 - {"errors":[{"type":"forbidden"}],"request_id":"1766430624859527ab165a35471cb023"}
2025-12-22 22:11:19 | ERROR | utils.scheduler:_find_suitable_vacancies:301 | Ошибка поиска вакансий: Ошибка API: 403 - {"errors":[{"type":"forbidden"}],"request_id":"176643068504842b2e03d7d36b6fb029"}
2025-12-22 22:12:19 | ERROR | utils.scheduler:_find_suitable_vacancies:301 | Ошибка поиска вакансий: Ошибка API: 403 - {"errors":[{"type":"forbidden"}],"request_id":"1766430745236e5c92bb5e2becddf023"}
2025-12-22 22:13:19 | ERROR | utils.scheduler:_find_suitable_vacancies:301 | Ошибка поиска вакансий: Ошибка API: 403 - {"errors":[{"type":"forbidden"}],"request_id":"1766430805398ca62e9f54a3123af026"}
2025-12-22 22:14:19 | ERROR | utils.scheduler:_find_suitable_vacancies:301 | Ошибка поиска вакансий: Ошибка API: 403 - {"errors":[{"type":"forbidden"}],"request_id":"1766430865571b747f4fac679ad29026"}
2025-12-22 22:15:19 | ERROR | utils.scheduler:_find_suitable_vacancies:301 | Ошибка поиска вакансий: Ошибка API: 403 - {"errors":[{"type":"forbidden"}],"request_id":"17664309257828e7abe54dafc68fb022"}
2025-12-22 22:16:20 | ERROR | utils.scheduler:_find_suitable_vacancies:301 | Ошибка поиска вакансий: Ошибка API: 403 - {"errors":[{"type":"forbidden"}],"request_id":"1766430985998920c909fd18331de027"}
2025-12-22 22:17:20 | ERROR | utils.scheduler:_find_suitable_vacancies:301 | Ошибка поиска вакансий: Ошибка API: 403 - {"errors":[{"type":"forbidden"}],"request_id":"1766431046151ea1b71cc9675b361023"}
2025-12-22 22:18:20 | ERROR | utils.scheduler:_find_suitable_vacancies:301 | Ошибка поиска вакансий: Ошибка API: 403 - {"errors":[{"type":"forbidden"}],"request_id":"1766431106328a35d294fe85378a1025"}
2025-12-22 22:19:20 | ERROR | utils.scheduler:_find_suitable_vacancies:301 | Ошибка поиска вакансий: Ошибка API: 403 - {"errors":[{"type":"forbidden"}],"request_id":"176643116656521c362af9400d86a024"}
2025-12-22 22:20:20 | ERROR | utils.scheduler:_find_suitable_vacancies:301 | Ошибка поиска вакансий: Ошибка API: 403 - {"errors":[{"type":"forbidden"}],"request_id":"1766431226745b7b4dcdfa3227839027"}
2025-12-22 22:21:21 | ERROR | utils.scheduler:_find_suitable_vacancies:301 | Ошибка поиска вакансий: Ошибка API: 403 - {"errors":[{"type":"forbidden"}],"request_id":"17664312869474ddb218e48d634d1029"}
2025-12-22 22:22:21 | ERROR | utils.scheduler:_find_suitable_vacancies:301 | Ошибка поиска вакансий: Ошибка API: 403 - {"errors":[{"type":"forbidden"}],"request_id":"1766431347103b99b09a7c7caf538029"}
2025-12-22 22:23:21 | ERROR | utils.scheduler:_find_suitable_vacancies:301 | Ошибка поиска вакансий: Ошибка API: 403 - {"errors":[{"type":"forbidden"}],"request_id":"1766431407257ba7a2f89cc74525b027"}
2025-12-22 22:24:21 | ERROR | utils.scheduler:_find_suitable_vacancies:301 | Ошибка поиска вакансий: Ошибка API: 403 - {"errors":[{"type":"forbidden"}],"request_id":"1766431467434dc8f94f187858124022"}
2025-12-22 22:25:21 | ERROR | utils.scheduler:_find_suitable_vacancies:301 | Ошибка поиска вакансий: Ошибка API: 403 - {"errors":[{"type":"forbidden"}],"request_id":"176643152759444ca637897b89d66023"}
2025-12-22 22:26:21 | ERROR | utils.scheduler:_find_suitable_vacancies:301 | Ошибка поиска вакансий: Ошибка API: 403 - {"errors":[{"type":"forbidden"}],"request_id":"17664315877356545de3664016d31023"}
2025-12-22 22:27:22 | ERROR | utils.scheduler:_find_suitable_vacancies:301 | Ошибка поиска вакансий: Ошибка API: 403 - {"errors":[{"type":"forbidden"}],"request_id":"17664316479324aabca9c8416277c022"}
2025-12-22 22:28:22 | ERROR | utils.scheduler:_find_suitable_vacancies:301 | Ошибка поиска вакансий: Ошибка API: 403 - {"errors":[{"type":"forbidden"}],"request_id":"176643170807465d1dcdccf951a49023"}
2025-12-22 22:29:22 | ERROR | utils.scheduler:_find_suitable_vacancies:301 | Ошибка поиска вакансий: Ошибка API: 403 - {"errors":[{"type":"forbidden"}],"request_id":"1766431768211c23c1ae14cade7f5027"}
2025-12-22 22:30:22 | ERROR | utils.scheduler:_find_suitable_vacancies:301 | Ошибка поиска вакансий: Ошибка API: 403 - {"errors":[{"type":"forbidden"}],"request_id":"1766431828374d8264131d303f4fd029"}
2025-12-22 22:31:22 | ERROR | utils.scheduler:_find_suitable_vacancies:301 | Ошибка поиска вакансий: Ошибка API: 403 - {"errors":[{"type":"forbidden"}],"request_id":"17664318885559270d65fe2bcf0d0027"}
2025-12-22 22:32:22 | ERROR | utils.scheduler:_find_suitable_vacancies:301 | Ошибка поиска вакансий: Ошибка API: 403 - {"errors":[{"type":"forbidden"}],"request_id":"1766431948736469f29f4f0d0f080024"}
2025-12-22 22:33:23 | ERROR | utils.scheduler:_find_suitable_vacancies:301 | Ошибка поиска вакансий: Ошибка API: 403 - {"errors":[{"type":"forbidden"}],"request_id":"1766432008897ce2958ae1d3e3984023"}
2025-12-22 22:34:23 | ERROR | utils.scheduler:_find_suitable_vacancies:301 | Ошибка поиска вакансий: Ошибка API: 403 - {"errors":[{"type":"forbidden"}],"request_id":"1766432069025bc4c6b9b2c5ae3d5022"}
2025-12-22 22:35:23 | ERROR | utils.scheduler:_find_suitable_vacancies:301 | Ошибка поиска вакансий: Ошибка API: 403 - {"errors":[{"type":"forbidden"}],"request_id":"17664321292076283399b50dacaae023"}
2025-12-22 22:36:23 | ERROR | utils.scheduler:_find_suitable_vacancies:301 | Ошибка поиска вакансий: Ошибка API: 403 - {"errors":[{"type":"forbidden"}],"request_id":"17664321893882a85c5e907a6514a022"}
2025-12-22 22:37:23 | ERROR | utils.scheduler:_find_suitable_vacancies:301 | Ошибка поиска вакансий: Ошибка API: 403 - {"errors":[{"type":"forbidden"}],"request_id":"1766432249553421559082e535cd5026"}
2025-12-22 22:38:23 | ERROR | utils.scheduler:_find_suitable_vacancies:301 | Ошибка поиска вакансий: Ошибка API: 403 - {"errors":[{"type":"forbidden"}],"request_id":"1766432309682ec6ac7bfe6268829026"}
2025-12-22 22:39:23 | ERROR | utils.scheduler:_find_suitable_vacancies:301 | Ошибка поиска вакансий: Ошибка API: 403 - {"errors":[{"type":"forbidden"}],"request_id":"1766432369820786561e71e90033e024"}
2025-12-22 22:40:24 | ERROR | utils.scheduler:_find_suitable_vacancies:301 | Ошибка поиска вакансий: Ошибка API: 403 - {"errors":[{"type":"forbidden"}],"request_id":"17664324299934d7e7277f92831eb027"}
2025-12-22 22:41:24 | ERROR | utils.scheduler:_find_suitable_vacancies:301 | Ошибка поиска вакансий: Ошибка API: 403 - {"errors":[{"type":"forbidden"}],"request_id":"176643249052394592594d23dfd8a023"}
2025-12-22 22:42:24 | ERROR | utils.scheduler:_find_suitable_vacancies:301 | Ошибка поиска вакансий: Ошибка API: 403 - {"errors":[{"type":"forbidden"}],"request_id":"1766432550717305086305ba6d5c6028"}
2025-12-22 22:43:24 | ERROR | utils.scheduler:_find_suitable_vacancies:301 | Ошибка поиска вакансий: Ошибка API: 403 - {"errors":[{"type":"forbidden"}],"request_id":"1766432610880cc4d8cf28e5eae62027"}
2025-12-22 22:44:25 | ERROR | utils.scheduler:_find_suitable_vacancies:301 | Ошибка поиска вакансий: Ошибка API: 403 - {"errors":[{"type":"forbidden"}],"request_id":"1766432671048a84c480703d757cc024"}
2025-12-22 22:45:25 | ERROR | utils.scheduler:_find_suitable_vacancies:301 | Ошибка поиска вакансий: Ошибка API: 403 - {"errors":[{"type":"forbidden"}],"request_id":"1766432731246b4ec2f0801a87ef3023"}
2025-12-22 22:46:25 | ERROR | utils.scheduler:_find_suitable_vacancies:301 | Ошибка поиска вакансий: Ошибка API: 403 - {"errors":[{"type":"forbidden"}],"request_id":"1766432791417a2ffd075546dddb2025"}
2025-12-22 22:47:25 | ERROR | utils.scheduler:_find_suitable_vacancies:301 | Ошибка поиска вакансий: Ошибка API: 403 - {"errors":[{"type":"forbidden"}],"request_id":"1766432851746af2d5fbb90065dbf029"}
2025-12-22 22:48:25 | ERROR | utils.scheduler:_find_suitable_vacancies:301 | Ошибка поиска вакансий: Ошибка API: 403 - {"errors":[{"type":"forbidden"}],"request_id":"176643291189634769ff75f4218ce029"}
2025-12-22 22:49:26 | ERROR | utils.scheduler:_find_suitable_vacancies:301 | Ошибка поиска вакансий: Ошибка API: 403 - {"errors":[{"type":"forbidden"}],"request_id":"1766432972085f347ba2c5f2e5a44022"}
2025-12-22 22:50:26 | ERROR | utils.scheduler:_find_suitable_vacancies:301 | Ошибка поиска вакансий: Ошибка API: 403 - {"errors":[{"type":"forbidden"}],"request_id":"176643303230077e6d0686cb533e4025"}
2025-12-22 22:50:48 | ERROR | __main__:main:300 | 💥 Критическая ошибка: name 'TelegramError' is not defined
2025-12-22 22:51:36 | ERROR | utils.scheduler:_find_suitable_vacancies:301 | Ошибка поиска вакансий: Ошибка API: 403 - {"errors":[{"type":"forbidden"}],"request_id":"17664331020251fbdd91580be34f0027"}
2025-12-22 22:52:36 | ERROR | utils.scheduler:_find_suitable_vacancies:301 | Ошибка поиска вакансий: Ошибка API: 403 - {"errors":[{"type":"forbidden"}],"request_id":"1766433162146f96db4c32e28c32d023"}
2025-12-22 22:53:36 | ERROR | utils.scheduler:_find_suitable_vacancies:301 | Ошибка поиска вакансий: Ошибка API: 403 - {"errors":[{"type":"forbidden"}],"request_id":"1766433222322f8355302bdd4f66d023"}
2025-12-22 22:54:36 | ERROR | utils.scheduler:_find_suitable_vacancies:301 | Ошибка поиска вакансий: Ошибка API: 403 - {"errors":[{"type":"forbidden"}],"request_id":"176643328250180d8a52d72323c7d029"}
2025-12-22 22:55:21 | ERROR | __main__:main:300 | 💥 Критическая ошибка: name 'TelegramError' is not defined
2025-12-22 22:56:07 | ERROR | bot.handlers.main:auth_callback_handler:221 | Ошибка авторизации: Ошибка API: 403 - {"errors":[{"type":"forbidden"}],"request_id":"1766433372955a1232460d5bf66f9027"}
2025-12-22 22:57:59 | ERROR | __main__:main:300 | 💥 Критическая ошибка: name 'TelegramError' is not defined
